"Gruppe";"KommuneNr";"FV2015 - Stemmeberettigede";"FV2015 - Afgivne stemmer";"FV2015 - Blanke stemmer";"FV2015 - Andre ugyldige stemmer";"FV2015 - Gyldige stemmer";"FV2015 - Socialdemokratiet";"FV2015 - Radikale Venstre";"FV2015 - Konservative Folkeparti";"FV2015 - Socialistisk Folkeparti";"FV2015 - Centrum-Demokraterne";"FV2015 - Kristendemokraterne";"FV2015 - Liberal Alliance";"FV2015 - Dansk Folkeparti";"FV2015 - Kristeligt Folkeparti";"FV2015 - Minoritetspartiet";"FV2015 - Venstre";"FV2015 - Ny Alliance";"FV2015 - Fremskridtspartiet";"FV2015 - Enhedslisten";"FV2015 - Alternativet";"FV2015 - Uden for partierne";"FV2015 - Uden for partierne";"FV2015 - Uden for partierne";"FV2015 - Stram Kurs";"FV2015 - Klaus Riskær Pedersen";"FV2015 - Uden for partierne";"FV2015 - Uden for partierne";"FV2015 - Uden for partierne";"FV2011 - Stemmeberettigede";"FV2011 - Afgivne stemmer";"FV2011 - Blanke stemmer";"FV2011 - Andre ugyldige stemmer";"FV2011 - Gyldige stemmer";"FV2011 - Socialdemokratiet";"FV2011 - Radikale Venstre";"FV2011 - Konservative Folkeparti";"FV2011 - Socialistisk Folkeparti";"FV2011 - Centrum-Demokraterne";"FV2011 - Kristendemokraterne";"FV2011 - Liberal Alliance";"FV2011 - Dansk Folkeparti";"FV2011 - Kristeligt Folkeparti";"FV2011 - Minoritetspartiet";"FV2011 - Venstre";"FV2011 - Ny Alliance";"FV2011 - Fremskridtspartiet";"FV2011 - Enhedslisten";"FV2011 - Alternativet";"FV2011 - Uden for partierne";"FV2011 - Uden for partierne";"FV2011 - Uden for partierne";"FV2011 - Stram Kurs";"FV2011 - Klaus Riskær Pedersen";"FV2011 - Uden for partierne";"FV2011 - Uden for partierne";"FV2011 - Uden for partierne";"FV2007 - Stemmeberettigede";"FV2007 - Afgivne stemmer";"FV2007 - Blanke stemmer";"FV2007 - Andre ugyldige stemmer";"FV2007 - Gyldige stemmer";"FV2007 - Socialdemokratiet";"FV2007 - Radikale Venstre";"FV2007 - Konservative Folkeparti";"FV2007 - Socialistisk Folkeparti";"FV2007 - Centrum-Demokraterne";"FV2007 - Kristendemokraterne";"FV2007 - Liberal Alliance";"FV2007 - Dansk Folkeparti";"FV2007 - Kristeligt Folkeparti";"FV2007 - Minoritetspartiet";"FV2007 - Venstre";"FV2007 - Ny Alliance";"FV2007 - Fremskridtspartiet";"FV2007 - Enhedslisten";"FV2007 - Alternativet";"FV2007 - Uden for partierne";"FV2007 - Uden for partierne";"FV2007 - Uden for partierne";"FV2007 - Stram Kurs";"FV2007 - Klaus Riskær Pedersen";"FV2007 - Uden for partierne";"FV2007 - Uden for partierne";"FV2007 - Uden for partierne";"FV2001 - Stemmeberettigede";"FV2001 - Afgivne stemmer";"FV2001 - Blanke stemmer";"FV2001 - Andre ugyldige stemmer";"FV2001 - Gyldige stemmer";"FV2001 - Socialdemokratiet";"FV2001 - Radikale Venstre";"FV2001 - Konservative Folkeparti";"FV2001 - Socialistisk Folkeparti";"FV2001 - Centrum-Demokraterne";"FV2001 - Kristendemokraterne";"FV2001 - Liberal Alliance";"FV2001 - Dansk Folkeparti";"FV2001 - Kristeligt Folkeparti";"FV2001 - Minoritetspartiet";"FV2001 - Venstre";"FV2001 - Ny Alliance";"FV2001 - Fremskridtspartiet";"FV2001 - Enhedslisten";"FV2001 - Alternativet";"FV2001 - Uden for partierne";"FV2001 - Uden for partierne";"FV2001 - Uden for partierne";"FV2001 - Stram Kurs";"FV2001 - Klaus Riskær Pedersen";"FV2001 - Uden for partierne";"FV2001 - Uden for partierne";"FV2001 - Uden for partierne";"FV2005 - Stemmeberettigede";"FV2005 - Afgivne stemmer";"FV2005 - Blanke stemmer";"FV2005 - Andre ugyldige stemmer";"FV2005 - Gyldige stemmer";"FV2005 - Socialdemokratiet";"FV2005 - Radikale Venstre";"FV2005 - Konservative Folkeparti";"FV2005 - Socialistisk Folkeparti";"FV2005 - Centrum-Demokraterne";"FV2005 - Kristendemokraterne";"FV2005 - Liberal Alliance";"FV2005 - Dansk Folkeparti";"FV2005 - Kristeligt Folkeparti";"FV2005 - Minoritetspartiet";"FV2005 - Venstre";"FV2005 - Ny Alliance";"FV2005 - Fremskridtspartiet";"FV2005 - Enhedslisten";"FV2005 - Alternativet";"FV2005 - Uden for partierne";"FV2005 - Uden for partierne";"FV2005 - Uden for partierne";"FV2005 - Stram Kurs";"FV2005 - Klaus Riskær Pedersen";"FV2005 - Uden for partierne";"FV2005 - Uden for partierne";"FV2005 - Uden for partierne";"FV2019 - Stemmeberettigede";"FV2019 - Afgivne stemmer";"FV2019 - Blanke stemmer";"FV2019 - Andre ugyldige stemmer";"FV2019 - Gyldige stemmer";"FV2019 - Socialdemokratiet";"FV2019 - Radikale Venstre";"FV2019 - Konservative Folkeparti";"FV2019 - Socialistisk Folkeparti";"FV2019 - Centrum-Demokraterne";"FV2019 - Kristendemokraterne";"FV2019 - Liberal Alliance";"FV2019 - Dansk Folkeparti";"FV2019 - Kristeligt Folkeparti";"FV2019 - Minoritetspartiet";"FV2019 - Venstre";"FV2019 - Ny Alliance";"FV2019 - Fremskridtspartiet";"FV2019 - Enhedslisten";"FV2019 - Alternativet";"FV2019 - Uden for partierne";"FV2019 - Uden for partierne";"FV2019 - Uden for partierne";"FV2019 - Stram Kurs";"FV2019 - Klaus Riskær Pedersen";"FV2019 - Uden for partierne";"FV2019 - Uden for partierne";"FV2019 - Uden for partierne"
"101052";"101";"402983";"337787";"2880";"1198";"333709";"73080";"31976";"8430";"22990";"-";"1297";"28552";"33910";"-";"-";"30983";"-";"-";"60675";"41025";"580";"13";"126";"-";"-";"72";"-";"-";"384861";"329722";"2033";"1544";"326145";"61995";"56075";"14997";"42899";"-";"912";"18644";"25233";"-";"-";"44590";"-";"-";"60449";"-";"109";"142";"9";"-";"-";"46";"33";"12";"369991";"310363";"1258";"967";"308138";"75695";"28291";"26911";"69773";"-";"1575";"-";"31032";"-";"-";"38334";"13055";"-";"23351";"-";"10";"55";"11";"-";"-";"11";"34";"-";"375506";"308705";"2137";"1226";"305342";"86642";"32819";"21126";"38068";"7302";"-";"-";"33247";"4919";"-";"58537";"-";"1099";"21289";"-";"294";"-";"-";"-";"-";"-";"-";"-";"371863";"299244";"1697";"951";"296596";"71386";"53487";"23782";"31450";"3412";"3159";"-";"31844";"-";"1645";"46848";"-";"-";"29483";"-";"68";"12";"20";"-";"-";"-";"-";"-";"423180";"356826";"2345";"1171";"353310";"58047";"59894";"15434";"42797";"4671";"2541";"9071";"12907";"-";"-";"48466";"-";"-";"65877";"25276";"18";"144";"70";"4383";"3440";"249";"25";"-"
"147005";"147";"74560";"65512";"514";"189";"64809";"14129";"7189";"3831";"3787";"-";"201";"6933";"6244";"-";"-";"8290";"-";"-";"7862";"6224";"94";"1";"19";"-";"-";"5";"-";"-";"73446";"65562";"346";"228";"64988";"10797";"12234";"6285";"6852";"-";"175";"4558";"4535";"-";"-";"11626";"-";"-";"7897";"-";"7";"13";"1";"-";"-";"6";"2";"0";"70758";"62114";"240";"168";"61706";"13106";"6143";"10250";"10689";"-";"305";"-";"5473";"-";"-";"9488";"3171";"-";"3059";"-";"2";"10";"3";"-";"-";"3";"4";"-";"72272";"63005";"397";"214";"62394";"14788";"6574";"10375";"5396";"1603";"-";"-";"5255";"1035";"-";"14281";"-";"175";"2912";"-";"-";"-";"-";"-";"-";"-";"-";"-";"71636";"60980";"325";"199";"60456";"11966";"11380";"10350";"4674";"630";"650";"-";"5400";"-";"224";"11553";"-";"-";"3629";"-";"-";"-";"-";"-";"-";"-";"-";"-";"74439";"65425";"310";"155";"64960";"10185";"11580";"6220";"6875";"906";"488";"1897";"2402";"-";"-";"11815";"-";"-";"8019";"3320";"2";"19";"6";"618";"565";"38";"5";"-"
"151002";"151";"34508";"29794";"290";"81";"29423";"10487";"1060";"674";"1296";"-";"176";"1711";"6767";"-";"-";"3867";"-";"-";"2278";"1087";"18";"2";"-";"-";"-";"-";"-";"-";"34263";"30355";"215";"79";"30061";"9950";"2548";"1385";"2534";"-";"112";"1283";"4295";"-";"-";"5819";"-";"-";"2096";"-";"39";"-";"-";"-";"-";"-";"-";"-";"33886";"29949";"146";"72";"29731";"10760";"1162";"2778";"3715";"-";"121";"-";"4836";"-";"-";"5011";"758";"-";"586";"-";"0";"4";"-";"-";"-";"-";"-";"-";"34027";"30412";"211";"67";"30134";"10945";"1240";"1911";"2191";"586";"-";"-";"4728";"451";"-";"7252";"-";"73";"757";"-";"-";"-";"-";"-";"-";"-";"-";"-";"33885";"29350";"143";"58";"29149";"10052";"2049";"2555";"1898";"300";"290";"-";"4871";"-";"52";"6090";"-";"-";"985";"-";"7";"-";"-";"-";"-";"-";"-";"-";"34437";"29219";"259";"74";"28886";"9601";"2193";"1643";"2766";"689";"352";"647";"2898";"-";"-";"4511";"-";"-";"2001";"695";"7";"75";"-";"585";"223";"-";"-";"-"
"153003";"153";"23764";"18993";"133";"76";"18784";"6635";"610";"309";"870";"-";"55";"839";"5013";"-";"-";"2117";"-";"-";"1691";"557";"61";"27";"-";"-";"-";"-";"-";"-";"23673";"19981";"122";"94";"19765";"6455";"1463";"678";"2084";"-";"59";"648";"3348";"-";"-";"3446";"-";"-";"1569";"-";"15";"-";"-";"-";"-";"-";"-";"-";"23827";"20159";"93";"74";"19992";"6711";"728";"1465";"3005";"-";"91";"-";"3737";"-";"-";"3293";"472";"-";"483";"-";"2";"5";"-";"-";"-";"-";"-";"-";"23784";"20501";"109";"50";"20342";"7528";"761";"1176";"1419";"393";"-";"-";"3669";"230";"-";"4518";"-";"63";"585";"-";"-";"-";"-";"-";"-";"-";"-";"-";"24189";"19946";"106";"56";"19784";"6683";"1497";"1397";"1292";"219";"164";"-";"3847";"-";"45";"3851";"-";"-";"774";"-";"15";"-";"-";"-";"-";"-";"-";"-";"23322";"18610";"138";"79";"18393";"6404";"1755";"765";"1489";"406";"111";"238";"2070";"-";"-";"2426";"-";"-";"1406";"648";"18";"51";"-";"483";"123";"-";"-";"-"
"155004";"155";"10116";"9111";"62";"26";"9023";"1983";"468";"528";"283";"-";"11";"1046";"1941";"-";"-";"1972";"-";"-";"438";"344";"7";"0";"1";"-";"-";"1";"-";"-";"9968";"9085";"25";"9";"9051";"1404";"923";"884";"571";"-";"13";"656";"1267";"-";"-";"2890";"-";"-";"441";"-";"0";"1";"0";"-";"-";"1";"0";"0";"9603";"8777";"30";"11";"8736";"1661";"491";"1561";"833";"-";"29";"-";"1292";"-";"-";"2416";"327";"-";"124";"-";"0";"0";"1";"-";"-";"1";"0";"-";"9624";"8901";"28";"12";"8861";"2108";"463";"987";"469";"204";"-";"-";"1135";"88";"-";"3248";"-";"22";"137";"-";"-";"-";"-";"-";"-";"-";"-";"-";"9565";"8532";"28";"10";"8494";"1526";"774";"1481";"411";"82";"48";"-";"1278";"-";"9";"2661";"-";"-";"224";"-";"0";"-";"-";"-";"-";"-";"-";"-";"10275";"9123";"43";"17";"9063";"1783";"889";"973";"503";"214";"51";"248";"770";"-";"-";"2804";"-";"-";"404";"198";"0";"1";"1";"127";"94";"3";"0";"-"
"157008";"157";"50915";"45411";"284";"108";"45019";"7850";"4083";"4553";"1452";"-";"135";"7876";"4722";"-";"-";"9600";"-";"-";"2327";"2399";"15";"7";"-";"-";"-";"-";"-";"-";"49736";"45396";"201";"162";"45033";"5342";"6787";"6755";"2142";"-";"116";"4599";"3099";"-";"-";"13877";"-";"-";"2299";"-";"17";"-";"-";"-";"-";"-";"-";"-";"48563";"43671";"123";"90";"43458";"5938";"3477";"12080";"3851";"-";"170";"-";"3420";"-";"-";"11085";"2399";"-";"1038";"-";"0";"0";"-";"-";"-";"-";"-";"-";"50482";"45006";"202";"128";"44676";"6465";"3939";"8201";"2424";"1497";"-";"-";"3457";"822";"-";"16712";"-";"108";"1051";"-";"-";"-";"-";"-";"-";"-";"-";"-";"49573";"43434";"145";"86";"43203";"5106";"5639";"11780";"2046";"460";"448";"-";"3559";"-";"95";"12843";"-";"-";"1217";"-";"10";"-";"-";"-";"-";"-";"-";"-";"50722";"45141";"213";"138";"44790";"5163";"6586";"9226";"2779";"995";"415";"2138";"1617";"-";"-";"11300";"-";"-";"2300";"1286";"1";"105";"-";"501";"378";"-";"-";"-"
"159002";"159";"46261";"39513";"352";"98";"39063";"11629";"2632";"1225";"2127";"-";"186";"2997";"6817";"-";"-";"5333";"-";"-";"3895";"2187";"32";"3";"-";"-";"-";"-";"-";"-";"45597";"40215";"318";"99";"39798";"10329";"5043";"2162";"3855";"-";"148";"1890";"4609";"-";"-";"8064";"-";"-";"3667";"-";"31";"-";"-";"-";"-";"-";"-";"-";"44784";"39149";"173";"67";"38909";"10780";"2622";"4144";"6077";"-";"196";"-";"5192";"-";"-";"7164";"1420";"-";"1312";"-";"1";"1";"-";"-";"-";"-";"-";"-";"45373";"39933";"239";"49";"39645";"12023";"2464";"3071";"3523";"1234";"-";"-";"5289";"674";"-";"9698";"-";"130";"1539";"-";"-";"-";"-";"-";"-";"-";"-";"-";"44908";"38317";"235";"86";"37996";"10079";"4335";"3989";"3032";"726";"402";"-";"5304";"-";"134";"8051";"-";"-";"1941";"-";"3";"-";"-";"-";"-";"-";"-";"-";"46498";"39339";"292";"126";"38921";"9977";"4869";"2543";"4584";"737";"354";"965";"2787";"-";"-";"6260";"-";"-";"3424";"1339";"4";"89";"-";"653";"336";"-";"-";"-"
"161005";"161";"16131";"13602";"105";"39";"13458";"4209";"424";"334";"505";"-";"47";"859";"3559";"-";"-";"2088";"-";"-";"982";"422";"19";"10";"-";"-";"-";"-";"-";"-";"15901";"13882";"88";"60";"13734";"3969";"1058";"639";"1127";"-";"44";"575";"2304";"-";"-";"3140";"-";"-";"866";"-";"12";"-";"-";"-";"-";"-";"-";"-";"15486";"13425";"57";"42";"13326";"4173";"497";"1357";"1589";"-";"52";"-";"2416";"-";"-";"2698";"316";"-";"227";"-";"1";"0";"-";"-";"-";"-";"-";"-";"15635";"13715";"70";"52";"13593";"4504";"419";"965";"941";"256";"-";"-";"2235";"179";"-";"3814";"-";"39";"241";"-";"-";"-";"-";"-";"-";"-";"-";"-";"15699";"13436";"77";"52";"13307";"3899";"848";"1160";"740";"138";"119";"-";"2553";"-";"27";"3429";"-";"-";"386";"-";"8";"-";"-";"-";"-";"-";"-";"-";"15995";"13230";"122";"53";"13055";"3928";"972";"779";"1078";"355";"98";"299";"1543";"-";"-";"2466";"-";"-";"758";"308";"6";"33";"-";"328";"104";"-";"-";"-"
"163002";"163";"19748";"16816";"166";"37";"16613";"5610";"604";"540";"815";"-";"141";"948";"3627";"-";"-";"2094";"-";"-";"1569";"650";"12";"3";"-";"-";"-";"-";"-";"-";"19196";"16812";"138";"62";"16612";"5143";"1425";"872";"1636";"-";"129";"648";"2287";"-";"-";"3096";"-";"-";"1364";"-";"12";"-";"-";"-";"-";"-";"-";"-";"19189";"16670";"84";"29";"16557";"5437";"722";"1688";"2413";"-";"186";"-";"2599";"-";"-";"2699";"405";"-";"408";"-";"0";"0";"-";"-";"-";"-";"-";"-";"19741";"17345";"99";"58";"17188";"6382";"722";"1265";"1306";"331";"-";"-";"2414";"393";"-";"3852";"-";"39";"484";"-";"-";"-";"-";"-";"-";"-";"-";"-";"19529";"16484";"83";"39";"16362";"5398";"1324";"1554";"1168";"196";"294";"-";"2567";"-";"49";"3182";"-";"-";"627";"-";"3";"-";"-";"-";"-";"-";"-";"-";"20120";"16797";"151";"64";"16582";"5306";"1323";"1063";"1588";"400";"245";"324";"1416";"-";"-";"2499";"-";"-";"1424";"441";"2";"57";"-";"376";"118";"-";"-";"-"
"165004";"165";"18301";"15241";"135";"99";"15007";"4836";"638";"339";"1098";"-";"63";"597";"3116";"-";"-";"1274";"-";"-";"2201";"806";"32";"7";"-";"-";"-";"-";"-";"-";"18173";"15809";"97";"94";"15618";"4823";"1433";"547";"2148";"-";"43";"447";"1984";"-";"-";"2102";"-";"-";"2077";"-";"14";"-";"-";"-";"-";"-";"-";"-";"18145";"15633";"78";"57";"15498";"4944";"714";"1059";"3330";"-";"58";"-";"2283";"-";"-";"1958";"335";"-";"815";"-";"0";"2";"-";"-";"-";"-";"-";"-";"19463";"17179";"107";"60";"17012";"5911";"817";"890";"1977";"369";"-";"-";"2444";"169";"-";"3321";"-";"37";"1077";"-";"-";"-";"-";"-";"-";"-";"-";"-";"18777";"15869";"61";"56";"15752";"5072";"1467";"997";"1618";"183";"127";"-";"2393";"-";"58";"2549";"-";"-";"1280";"-";"8";"-";"-";"-";"-";"-";"-";"-";"18411";"15254";"142";"66";"15046";"4464";"1379";"620";"2092";"358";"121";"201";"1225";"-";"-";"1520";"-";"-";"1832";"752";"4";"40";"-";"338";"100";"-";"-";"-"
"167005";"167";"36798";"30896";"253";"53";"30590";"9738";"1112";"730";"1550";"-";"136";"1738";"7764";"-";"-";"3752";"-";"-";"2827";"1132";"104";"7";"-";"-";"-";"-";"-";"-";"36028";"31299";"232";"65";"31002";"8886";"2620";"1298";"3213";"-";"106";"1204";"5121";"-";"-";"5872";"-";"-";"2652";"-";"30";"-";"-";"-";"-";"-";"-";"-";"35591";"30590";"133";"55";"30402";"9371";"1282";"2492";"4468";"-";"153";"-";"5751";"-";"-";"5255";"784";"-";"840";"-";"1";"5";"-";"-";"-";"-";"-";"-";"36222";"31396";"196";"85";"31115";"10952";"1232";"1852";"2366";"557";"-";"-";"5335";"397";"-";"7318";"-";"110";"996";"-";"-";"-";"-";"-";"-";"-";"-";"-";"36166";"30180";"172";"73";"29935";"9138";"2419";"2295";"2021";"347";"228";"-";"5739";"-";"78";"6283";"-";"-";"1365";"-";"22";"-";"-";"-";"-";"-";"-";"-";"36674";"30526";"244";"58";"30224";"8886";"2666";"1532";"3424";"720";"326";"533";"3298";"-";"-";"4518";"-";"-";"2389";"886";"7";"100";"-";"681";"258";"-";"-";"-"
"169006";"169";"32726";"27364";"268";"89";"27007";"7860";"950";"1345";"1181";"-";"109";"1629";"6919";"-";"-";"4152";"-";"-";"1916";"910";"31";"5";"-";"-";"-";"-";"-";"-";"32580";"28282";"177";"105";"28000";"7728";"2520";"1798";"2240";"-";"89";"1150";"4171";"-";"-";"6667";"-";"-";"1607";"-";"30";"-";"-";"-";"-";"-";"-";"-";"32506";"27915";"159";"66";"27690";"7894";"1169";"3209";"3216";"-";"124";"-";"4635";"-";"-";"6216";"792";"-";"431";"-";"0";"4";"-";"-";"-";"-";"-";"-";"32218";"28132";"170";"92";"27870";"8705";"1007";"2250";"1498";"558";"-";"-";"4447";"368";"-";"8432";"-";"96";"509";"-";"-";"-";"-";"-";"-";"-";"-";"-";"31902";"26827";"133";"62";"26632";"7198";"1921";"2703";"1406";"310";"249";"-";"4941";"-";"71";"7078";"-";"-";"747";"-";"8";"-";"-";"-";"-";"-";"-";"-";"32644";"27025";"220";"107";"26698";"7248";"2406";"2670";"2221";"736";"254";"506";"2867";"-";"-";"4423";"-";"-";"1615";"834";"3";"83";"-";"605";"227";"-";"-";"-"
"173009";"173";"38547";"34236";"285";"86";"33865";"7904";"3048";"2360";"1550";"-";"133";"4239";"4188";"-";"-";"6231";"-";"-";"2235";"1956";"19";"2";"-";"-";"-";"-";"-";"-";"38043";"34409";"212";"93";"34104";"6141";"5420";"3275";"2740";"-";"103";"2591";"2815";"-";"-";"8989";"-";"-";"2015";"-";"15";"-";"-";"-";"-";"-";"-";"-";"37573";"33595";"124";"92";"33379";"6782";"2976";"6269";"4040";"-";"152";"-";"3261";"-";"-";"7513";"1601";"-";"779";"-";"4";"2";"-";"-";"-";"-";"-";"-";"38988";"34803";"152";"110";"34541";"7577";"2955";"4745";"2413";"1032";"-";"-";"3182";"627";"-";"11055";"-";"99";"856";"-";"-";"-";"-";"-";"-";"-";"-";"-";"38194";"33398";"146";"96";"33156";"6130";"4538";"6332";"1985";"400";"397";"-";"3356";"-";"93";"8790";"-";"-";"1130";"-";"5";"-";"-";"-";"-";"-";"-";"-";"39002";"34386";"206";"100";"34080";"6131";"5235";"5209";"3057";"692";"282";"1244";"1518";"-";"-";"6776";"-";"-";"2051";"1092";"1";"79";"-";"413";"300";"-";"-";"-"
"175006";"175";"26973";"22727";"188";"91";"22448";"7590";"884";"611";"1152";"-";"127";"1236";"5039";"-";"-";"2671";"-";"-";"2172";"941";"21";"4";"-";"-";"-";"-";"-";"-";"26725";"23212";"169";"61";"22982";"7270";"2053";"1012";"2261";"-";"93";"838";"3362";"-";"-";"4212";"-";"-";"1862";"-";"19";"-";"-";"-";"-";"-";"-";"-";"26671";"22889";"105";"39";"22745";"7607";"1020";"1953";"3337";"-";"113";"-";"3875";"-";"-";"3743";"518";"-";"577";"-";"0";"2";"-";"-";"-";"-";"-";"-";"27478";"23894";"189";"71";"23634";"8644";"966";"1566";"1903";"453";"-";"-";"3839";"356";"-";"5197";"-";"86";"624";"-";"-";"-";"-";"-";"-";"-";"-";"-";"26975";"22514";"113";"63";"22338";"7479";"1776";"1800";"1528";"269";"236";"-";"3897";"-";"61";"4348";"-";"-";"939";"-";"5";"-";"-";"-";"-";"-";"-";"-";"28154";"23313";"177";"69";"23067";"7241";"2007";"1268";"2463";"518";"234";"450";"2129";"-";"-";"3304";"-";"-";"1990";"660";"3";"81";"-";"533";"186";"-";"-";"-"
"183001";"183";"13493";"10715";"67";"49";"10599";"3612";"318";"187";"663";"-";"31";"495";"2845";"-";"-";"1279";"-";"-";"821";"317";"29";"2";"-";"-";"-";"-";"-";"-";"13254";"11224";"74";"76";"11074";"3530";"809";"380";"1166";"-";"23";"384";"1774";"-";"-";"2176";"-";"-";"822";"-";"10";"-";"-";"-";"-";"-";"-";"-";"13102";"10973";"53";"65";"10855";"3538";"354";"752";"1526";"-";"40";"-";"2177";"-";"-";"1952";"262";"-";"252";"-";"0";"2";"-";"-";"-";"-";"-";"-";"13539";"11596";"55";"52";"11489";"4029";"434";"649";"684";"214";"-";"-";"2127";"105";"-";"2906";"-";"36";"305";"-";"-";"-";"-";"-";"-";"-";"-";"-";"13322";"10841";"45";"47";"10749";"3379";"747";"727";"593";"120";"77";"-";"2318";"-";"45";"2322";"-";"-";"418";"-";"3";"-";"-";"-";"-";"-";"-";"-";"13732";"10785";"80";"34";"10671";"3224";"1357";"397";"910";"326";"73";"154";"1219";"-";"-";"1518";"-";"-";"782";"350";"0";"16";"-";"276";"69";"-";"-";"-"
"185005";"185";"30714";"26184";"180";"85";"25919";"7561";"945";"682";"1200";"-";"90";"1404";"7480";"-";"-";"3476";"-";"-";"2165";"882";"27";"0";"3";"-";"-";"4";"-";"-";"30075";"26294";"184";"89";"26021";"6509";"2032";"1096";"2548";"-";"85";"1024";"4852";"-";"-";"5808";"-";"-";"2044";"-";"7";"5";"0";"-";"-";"1";"8";"2";"29565";"25596";"111";"78";"25407";"7441";"933";"2089";"3548";"-";"105";"-";"5109";"-";"-";"5073";"670";"-";"429";"-";"1";"3";"2";"-";"-";"0";"4";"-";"30062";"26285";"173";"85";"26027";"9454";"874";"1512";"1683";"420";"-";"-";"4695";"324";"-";"6413";"-";"87";"565";"-";"-";"-";"-";"-";"-";"-";"-";"-";"29617";"24931";"144";"57";"24730";"7453";"1554";"1931";"1586";"297";"197";"-";"4977";"-";"51";"5798";"-";"-";"881";"-";"5";"-";"-";"-";"-";"-";"-";"-";"30452";"25381";"234";"76";"25071";"7864";"1772";"1202";"2001";"626";"188";"439";"3101";"-";"-";"4734";"-";"-";"1635";"611";"2";"3";"3";"589";"283";"15";"3";"-"
"187003";"187";"10341";"9041";"61";"44";"8936";"2401";"347";"633";"360";"-";"26";"818";"2043";"-";"-";"1634";"-";"-";"450";"211";"12";"1";"-";"-";"-";"-";"-";"-";"9974";"9029";"49";"35";"8945";"1991";"813";"962";"621";"-";"21";"446";"1275";"-";"-";"2488";"-";"-";"325";"-";"3";"-";"-";"-";"-";"-";"-";"-";"8823";"8041";"33";"35";"7973";"1886";"352";"1651";"668";"-";"31";"-";"1258";"-";"-";"1808";"232";"-";"84";"-";"0";"3";"-";"-";"-";"-";"-";"-";"9042";"8285";"36";"20";"8229";"2112";"307";"1304";"347";"181";"-";"-";"1158";"102";"-";"2609";"-";"22";"87";"-";"-";"-";"-";"-";"-";"-";"-";"-";"8922";"7961";"35";"18";"7908";"1740";"538";"1498";"324";"82";"59";"-";"1305";"-";"19";"2174";"-";"-";"166";"-";"3";"-";"-";"-";"-";"-";"-";"-";"10660";"9248";"69";"35";"9144";"2272";"890";"1279";"650";"212";"65";"217";"832";"-";"-";"1834";"-";"-";"428";"244";"3";"17";"-";"142";"59";"-";"-";"-"
"190006";"190";"27389";"24642";"174";"65";"24403";"5923";"2233";"1334";"1018";"-";"93";"3026";"3015";"-";"-";"4658";"-";"-";"1802";"1290";"10";"1";"-";"-";"-";"-";"-";"-";"26510";"24247";"120";"79";"24048";"4419";"3743";"1888";"1866";"-";"52";"1867";"1850";"-";"-";"6780";"-";"-";"1577";"-";"6";"-";"-";"-";"-";"-";"-";"-";"26077";"23848";"97";"39";"23712";"4611";"2220";"3660";"3194";"-";"87";"-";"2398";"-";"-";"5665";"1237";"-";"640";"-";"-";"-";"-";"-";"-";"-";"-";"-";"26037";"23846";"137";"45";"23664";"4886";"1914";"2356";"1998";"673";"-";"-";"2011";"415";"-";"8619";"-";"64";"728";"-";"-";"-";"-";"-";"-";"-";"-";"-";"25873";"23203";"104";"45";"23054";"4232";"3427";"3584";"1535";"275";"262";"-";"2380";"-";"48";"6372";"-";"-";"935";"-";"4";"-";"-";"-";"-";"-";"-";"-";"27993";"24987";"140";"52";"24795";"4971";"3950";"3080";"1987";"534";"223";"837";"1129";"-";"-";"5174";"-";"-";"1678";"790";"2";"17";"-";"242";"181";"-";"-";"-"
"201003";"201";"17462";"16109";"119";"40";"15950";"3450";"1287";"1171";"664";"-";"72";"2012";"2388";"-";"-";"3483";"-";"-";"798";"622";"1";"2";"-";"-";"-";"-";"-";"-";"16894";"15764";"88";"45";"15631";"2414";"2181";"1362";"1156";"-";"67";"1271";"1328";"-";"-";"5216";"-";"-";"632";"-";"4";"-";"-";"-";"-";"-";"-";"-";"16448";"15155";"43";"30";"15082";"2488";"1323";"2566";"1595";"-";"85";"-";"1493";"-";"-";"4603";"711";"-";"218";"-";"-";"-";"-";"-";"-";"-";"-";"-";"16515";"15258";"78";"30";"15150";"2917";"1103";"1803";"1064";"389";"-";"-";"1328";"312";"-";"5929";"-";"51";"254";"-";"-";"-";"-";"-";"-";"-";"-";"-";"16455";"14932";"82";"30";"14820";"2313";"1945";"2370";"798";"139";"214";"-";"1477";"-";"21";"5172";"-";"-";"371";"-";"-";"-";"-";"-";"-";"-";"-";"-";"18276";"16708";"102";"50";"16556";"3079";"2359";"2380";"1171";"468";"171";"560";"907";"-";"-";"3977";"-";"-";"782";"424";"1";"18";"-";"144";"115";"-";"-";"-"
"210005";"210";"27969";"24503";"169";"49";"24285";"5139";"1729";"1357";"999";"-";"123";"2920";"4267";"-";"-";"4998";"-";"-";"1551";"1189";"9";"4";"-";"-";"-";"-";"-";"-";"27512";"24728";"99";"41";"24588";"4281";"3103";"1965";"1906";"-";"85";"1855";"2432";"-";"-";"7779";"-";"-";"1170";"-";"12";"-";"-";"-";"-";"-";"-";"-";"27299";"24309";"100";"62";"24147";"4654";"1897";"3535";"2525";"-";"106";"-";"2889";"-";"-";"6904";"1148";"-";"489";"-";"-";"-";"-";"-";"-";"-";"-";"-";"27650";"24754";"144";"35";"24575";"5342";"1818";"2517";"1577";"530";"-";"-";"2665";"448";"-";"9108";"-";"95";"475";"-";"-";"-";"-";"-";"-";"-";"-";"-";"27335";"23685";"109";"42";"23534";"4200";"3027";"3105";"1218";"260";"248";"-";"3050";"-";"56";"7701";"-";"-";"669";"-";"-";"-";"-";"-";"-";"-";"-";"-";"28323";"24686";"127";"43";"24516";"4802";"3258";"2787";"1764";"739";"257";"908";"1767";"-";"-";"5605";"-";"-";"1324";"719";"1";"19";"-";"313";"253";"-";"-";"-"
"217010";"217";"45463";"38651";"259";"123";"38269";"9688";"2036";"2388";"1536";"-";"144";"3690";"8019";"-";"-";"5552";"-";"-";"3124";"2081";"9";"2";"-";"-";"-";"-";"-";"-";"44425";"38821";"224";"152";"38445";"9092";"4237";"2436";"3289";"-";"95";"2344";"4519";"-";"-";"9953";"-";"-";"2469";"-";"11";"-";"-";"-";"-";"-";"-";"-";"44073";"37896";"132";"68";"37696";"9523";"2590";"4425";"4844";"-";"156";"-";"5163";"-";"-";"8511";"1535";"-";"949";"-";"-";"-";"-";"-";"-";"-";"-";"-";"44302";"38120";"234";"135";"37751";"11139";"2382";"4403";"2673";"804";"-";"-";"4569";"535";"-";"10169";"-";"160";"917";"-";"-";"-";"-";"-";"-";"-";"-";"-";"44406";"36898";"172";"59";"36667";"9051";"4486";"4360";"2091";"477";"342";"-";"5145";"-";"87";"9296";"-";"-";"1332";"-";"-";"-";"-";"-";"-";"-";"-";"-";"46229";"38854";"286";"105";"38463";"9520";"4219";"4237";"2766";"1453";"297";"1126";"3127";"-";"-";"6500";"-";"-";"2881";"1229";"5";"26";"-";"672";"405";"-";"-";"-"
"219009";"219";"35201";"31144";"230";"87";"30827";"7348";"1917";"1238";"1412";"-";"431";"3019";"5345";"-";"-";"6426";"-";"-";"2169";"1508";"9";"5";"-";"-";"-";"-";"-";"-";"34111";"30790";"152";"97";"30541";"6190";"3746";"1845";"2425";"-";"264";"1895";"2921";"-";"-";"9352";"-";"-";"1891";"-";"12";"-";"-";"-";"-";"-";"-";"-";"32929";"29401";"121";"61";"29219";"7095";"2024";"3724";"3310";"-";"298";"-";"3314";"-";"-";"7532";"1148";"-";"774";"-";"-";"-";"-";"-";"-";"-";"-";"-";"31884";"28552";"184";"59";"28309";"7339";"1819";"2478";"2015";"652";"-";"-";"2788";"916";"-";"9523";"-";"87";"692";"-";"-";"-";"-";"-";"-";"-";"-";"-";"32049";"27921";"149";"63";"27709";"5727";"3306";"3443";"1773";"310";"711";"-";"3143";"-";"57";"8308";"-";"-";"931";"-";"-";"-";"-";"-";"-";"-";"-";"-";"36565";"31841";"211";"70";"31560";"7349";"3564";"2691";"2345";"1024";"704";"978";"2067";"-";"-";"7119";"-";"-";"1977";"1004";"4";"44";"-";"463";"227";"-";"-";"-"
"223004";"223";"18147";"16413";"87";"34";"16292";"2384";"1119";"1726";"312";"-";"38";"3262";"2174";"-";"-";"4379";"-";"-";"452";"444";"2";"0";"-";"-";"-";"-";"-";"-";"17728";"16379";"46";"23";"16310";"1700";"1839";"2251";"505";"-";"27";"1824";"1247";"-";"-";"6535";"-";"-";"379";"-";"3";"-";"-";"-";"-";"-";"-";"-";"17627";"15995";"39";"22";"15934";"1872";"1157";"3861";"753";"-";"31";"-";"1516";"-";"-";"5696";"894";"-";"154";"-";"-";"-";"-";"-";"-";"-";"-";"-";"18038";"16455";"55";"27";"16373";"2122";"1219";"3030";"494";"357";"-";"-";"1394";"252";"-";"7323";"-";"36";"146";"-";"-";"-";"-";"-";"-";"-";"-";"-";"17763";"15785";"43";"30";"15712";"1632";"1750";"3602";"349";"136";"136";"-";"1567";"-";"18";"6329";"-";"-";"193";"-";"-";"-";"-";"-";"-";"-";"-";"-";"18275";"16387";"71";"19";"16297";"1869";"1910";"3533";"595";"516";"126";"921";"805";"-";"-";"5096";"-";"-";"393";"225";"0";"8";"-";"177";"123";"-";"-";"-"
"230001";"230";"38987";"35371";"206";"100";"35065";"5801";"3327";"2691";"1049";"-";"105";"6625";"3809";"-";"-";"8306";"-";"-";"1677";"1662";"1";"12";"-";"-";"-";"-";"-";"-";"38393";"35397";"140";"94";"35163";"4094";"5443";"3469";"1851";"-";"60";"3820";"2200";"-";"-";"12679";"-";"-";"1529";"-";"18";"-";"-";"-";"-";"-";"-";"-";"37991";"34644";"121";"80";"34443";"4630";"3519";"6255";"2996";"-";"100";"-";"2663";"-";"-";"11497";"2064";"-";"719";"-";"-";"-";"-";"-";"-";"-";"-";"-";"38855";"35440";"140";"85";"35215";"5593";"3322";"4670";"1914";"983";"-";"-";"2545";"622";"-";"14757";"-";"82";"727";"-";"-";"-";"-";"-";"-";"-";"-";"-";"38367";"34447";"126";"88";"34233";"4459";"4774";"6750";"1515";"359";"322";"-";"2754";"-";"71";"12310";"-";"-";"918";"-";"1";"-";"-";"-";"-";"-";"-";"-";"39511";"35484";"178";"78";"35228";"4501";"5841";"6143";"1872";"886";"238";"1881";"1326";"-";"-";"9216";"-";"-";"1640";"1049";"0";"31";"-";"308";"296";"-";"-";"-"
"240001";"240";"30333";"27528";"184";"77";"27267";"6778";"1380";"1113";"959";"-";"89";"2698";"6026";"-";"-";"5955";"-";"-";"1351";"909";"5";"4";"-";"-";"-";"-";"-";"-";"29533";"27346";"144";"90";"27112";"5663";"2958";"1590";"1757";"-";"75";"1858";"3293";"-";"-";"8838";"-";"-";"1072";"-";"8";"-";"-";"-";"-";"-";"-";"-";"28471";"26135";"99";"49";"25987";"5543";"1532";"3675";"2460";"-";"94";"-";"3581";"-";"-";"7755";"994";"-";"353";"-";"-";"-";"-";"-";"-";"-";"-";"-";"27472";"25337";"156";"49";"25132";"6020";"1202";"2411";"1384";"662";"-";"-";"3162";"345";"-";"9475";"-";"82";"389";"-";"-";"-";"-";"-";"-";"-";"-";"-";"27860";"25044";"134";"46";"24864";"4983";"2273";"3361";"1200";"319";"222";"-";"3552";"-";"47";"8319";"-";"-";"587";"-";"1";"-";"-";"-";"-";"-";"-";"-";"30988";"27771";"199";"66";"27506";"6730";"2566";"2406";"1961";"873";"227";"862";"2478";"-";"-";"6889";"-";"-";"1234";"575";"3";"13";"-";"411";"278";"-";"-";"-"
"250006";"250";"33493";"29029";"213";"109";"28707";"7251";"1065";"872";"1221";"-";"105";"2027";"7017";"-";"-";"6158";"-";"-";"1919";"1056";"15";"1";"-";"-";"-";"-";"-";"-";"32904";"29058";"153";"138";"28767";"6457";"2464";"1187";"2394";"-";"110";"1543";"3929";"-";"-";"9156";"-";"-";"1518";"-";"9";"-";"-";"-";"-";"-";"-";"-";"32337";"28378";"140";"83";"28155";"7005";"1379";"3004";"3164";"-";"95";"-";"4496";"-";"-";"7685";"890";"-";"437";"-";"-";"-";"-";"-";"-";"-";"-";"-";"31052";"27711";"211";"67";"27433";"7667";"1236";"1949";"1729";"546";"-";"-";"3475";"406";"-";"9767";"-";"123";"535";"-";"-";"-";"-";"-";"-";"-";"-";"-";"31638";"27264";"158";"55";"27051";"6244";"2385";"2487";"1408";"266";"232";"-";"4271";"-";"48";"8946";"-";"-";"764";"-";"-";"-";"-";"-";"-";"-";"-";"-";"34253";"29141";"227";"71";"28843";"7548";"1927";"2036";"1981";"1089";"245";"600";"3054";"-";"-";"7245";"-";"-";"1654";"599";"2";"16";"-";"552";"295";"-";"-";"-"
"253003";"253";"35105";"30665";"204";"90";"30371";"7377";"998";"889";"812";"-";"119";"2453";"8170";"-";"-";"7355";"-";"-";"1503";"679";"15";"1";"0";"-";"-";"-";"-";"-";"34270";"30753";"167";"115";"30471";"6102";"2358";"1726";"1939";"-";"90";"1677";"5253";"-";"-";"10192";"-";"-";"1130";"-";"2";"1";"1";"-";"-";"-";"-";"-";"34007";"30199";"92";"67";"30040";"6577";"1086";"2820";"2464";"-";"123";"-";"5298";"-";"-";"10416";"948";"-";"308";"-";"-";"-";"-";"-";"-";"-";"-";"-";"34700";"31015";"144";"94";"30777";"7919";"1072";"2792";"1217";"568";"-";"-";"4784";"424";"-";"11558";"-";"109";"334";"-";"-";"-";"-";"-";"-";"-";"-";"-";"34074";"29433";"156";"49";"29228";"6087";"2088";"2850";"1176";"301";"267";"-";"5545";"-";"54";"10369";"-";"-";"491";"-";"-";"-";"-";"-";"-";"-";"-";"-";"35535";"30621";"146";"118";"30357";"7504";"2095";"1955";"1977";"860";"259";"694";"3312";"-";"-";"9194";"-";"-";"1128";"443";"4";"-";"-";"688";"244";"-";"-";"-"
"259011";"259";"43192";"37607";"318";"139";"37150";"9517";"1310";"1109";"2428";"-";"115";"2675";"9175";"-";"-";"7707";"-";"-";"2069";"1021";"12";"11";"1";"-";"-";"-";"-";"-";"41299";"36762";"229";"163";"36370";"8309";"2957";"1953";"3183";"-";"103";"1883";"6112";"-";"-";"9905";"-";"-";"1957";"-";"6";"2";"0";"-";"-";"-";"-";"-";"40892";"36032";"161";"104";"35767";"9283";"1348";"3377";"4034";"-";"125";"-";"6058";"-";"-";"9956";"1071";"-";"515";"-";"-";"-";"-";"-";"-";"-";"-";"-";"39295";"34878";"258";"110";"34510";"10558";"1300";"2839";"1781";"548";"-";"-";"4998";"535";"-";"11199";"-";"151";"601";"-";"-";"-";"-";"-";"-";"-";"-";"-";"40098";"34395";"232";"94";"34069";"8802";"2548";"2984";"1749";"374";"293";"-";"5872";"-";"75";"10456";"-";"-";"916";"-";"-";"-";"-";"-";"-";"-";"-";"-";"44170";"37924";"293";"84";"37547";"8573";"2287";"2683";"5855";"999";"290";"742";"3498";"-";"-";"9416";"-";"-";"1430";"573";"6";"-";"-";"855";"340";"-";"-";"-"
"260002";"260";"23296";"19683";"126";"74";"19483";"5519";"446";"441";"1058";"-";"92";"1122";"5031";"-";"-";"3308";"-";"-";"1595";"864";"5";"2";"-";"-";"-";"-";"-";"-";"23218";"20069";"110";"66";"19893";"5073";"1436";"681";"1969";"-";"85";"896";"2955";"-";"-";"5399";"-";"-";"1392";"-";"7";"-";"-";"-";"-";"-";"-";"-";"22951";"19482";"80";"42";"19360";"5274";"919";"1458";"2403";"-";"126";"-";"3494";"-";"-";"4721";"539";"-";"426";"-";"-";"-";"-";"-";"-";"-";"-";"-";"22366";"19295";"177";"43";"19075";"6400";"763";"1096";"1231";"352";"-";"-";"2787";"319";"-";"5569";"-";"122";"436";"-";"-";"-";"-";"-";"-";"-";"-";"-";"22499";"18498";"118";"39";"18341";"5052";"1588";"1373";"1019";"198";"210";"-";"3280";"-";"44";"4916";"-";"-";"661";"-";"-";"-";"-";"-";"-";"-";"-";"-";"23704";"19613";"132";"63";"19418";"5650";"1027";"980";"1881";"763";"162";"306";"2272";"-";"-";"4044";"-";"-";"1186";"471";"1";"25";"-";"409";"241";"-";"-";"-"
"265005";"265";"62392";"54915";"507";"217";"54191";"14087";"3257";"1780";"2920";"-";"234";"4456";"10114";"-";"-";"10339";"-";"-";"4148";"2838";"13";"2";"3";"-";"-";"-";"-";"-";"60344";"54375";"347";"209";"53819";"11498";"6327";"3028";"5605";"-";"205";"3149";"6523";"-";"-";"13788";"-";"-";"3680";"-";"12";"0";"4";"-";"-";"-";"-";"-";"58847";"52639";"195";"138";"52306";"12249";"3234";"5608";"7313";"-";"268";"-";"6534";"-";"-";"13637";"2029";"-";"1434";"-";"-";"-";"-";"-";"-";"-";"-";"-";"57974";"52066";"297";"124";"51645";"14671";"2978";"4393";"3915";"970";"-";"-";"5656";"899";"-";"16557";"-";"166";"1440";"-";"-";"-";"-";"-";"-";"-";"-";"-";"58583";"51161";"320";"112";"50729";"11681";"5573";"5204";"3777";"547";"585";"-";"6437";"-";"131";"14850";"-";"-";"1944";"-";"-";"-";"-";"-";"-";"-";"-";"-";"64331";"56201";"407";"172";"55622";"13225";"5441";"4136";"5924";"1116";"462";"1360";"4141";"-";"-";"12923";"-";"-";"3752";"1675";"10";"-";"-";"937";"520";"-";"-";"-"
"269001";"269";"15658";"14051";"97";"47";"13907";"3184";"508";"464";"403";"-";"30";"1556";"3329";"-";"-";"3492";"-";"-";"588";"349";"4";"0";"0";"-";"-";"-";"-";"-";"15146";"13880";"75";"67";"13738";"2560";"1052";"850";"871";"-";"26";"909";"2074";"-";"-";"4857";"-";"-";"538";"-";"1";"0";"0";"-";"-";"-";"-";"-";"14913";"13397";"38";"24";"13335";"2616";"498";"1401";"1144";"-";"32";"-";"2056";"-";"-";"4974";"477";"-";"137";"-";"-";"-";"-";"-";"-";"-";"-";"-";"14812";"13451";"62";"30";"13359";"3196";"502";"1315";"711";"263";"-";"-";"1795";"136";"-";"5266";"-";"48";"127";"-";"-";"-";"-";"-";"-";"-";"-";"-";"15023";"13109";"50";"25";"13034";"2499";"930";"1341";"579";"150";"100";"-";"2078";"-";"23";"5077";"-";"-";"257";"-";"-";"-";"-";"-";"-";"-";"-";"-";"16622";"14691";"99";"37";"14555";"3102";"1028";"1305";"1071";"395";"96";"490";"1427";"-";"-";"4558";"-";"-";"421";"211";"2";"-";"-";"307";"142";"-";"-";"-"
"270004";"270";"31061";"27149";"190";"76";"26883";"5541";"976";"792";"954";"-";"388";"2343";"6889";"-";"-";"5932";"-";"-";"1733";"1332";"2";"1";"-";"-";"-";"-";"-";"-";"30555";"27303";"150";"61";"27092";"4799";"2387";"1091";"1894";"-";"251";"1440";"3605";"-";"-";"10183";"-";"-";"1433";"-";"9";"-";"-";"-";"-";"-";"-";"-";"30057";"26380";"90";"62";"26228";"5166";"1471";"2504";"2898";"-";"279";"-";"4245";"-";"-";"8265";"947";"-";"453";"-";"-";"-";"-";"-";"-";"-";"-";"-";"29812";"26453";"158";"58";"26237";"5929";"1300";"1670";"1694";"567";"-";"-";"3431";"763";"-";"10130";"-";"170";"583";"-";"-";"-";"-";"-";"-";"-";"-";"-";"30051";"25561";"132";"34";"25395";"4511";"2420";"2018";"1364";"288";"549";"-";"4072";"-";"61";"9216";"-";"-";"896";"-";"-";"-";"-";"-";"-";"-";"-";"-";"31484";"26732";"166";"72";"26494";"5782";"1798";"2095";"1670";"1094";"579";"602";"2802";"-";"-";"6877";"-";"-";"1464";"761";"4";"42";"-";"585";"339";"-";"-";"-"
"306004";"306";"26100";"22134";"183";"56";"21895";"6276";"549";"544";"697";"-";"52";"961";"6049";"-";"-";"4129";"-";"-";"1649";"978";"8";"1";"2";"-";"-";"-";"-";"-";"25805";"22355";"156";"50";"22149";"5571";"1520";"780";"2055";"-";"75";"708";"4028";"-";"-";"5863";"-";"-";"1541";"-";"4";"2";"2";"-";"-";"-";"-";"-";"25795";"22043";"119";"40";"21884";"5402";"913";"1472";"2878";"-";"52";"-";"4057";"-";"-";"6132";"593";"-";"385";"-";"-";"-";"-";"-";"-";"-";"-";"-";"25025";"21655";"209";"59";"21387";"5995";"954";"2234";"1588";"348";"-";"-";"2906";"303";"-";"6430";"-";"131";"476";"-";"22";"-";"-";"-";"-";"-";"-";"-";"25377";"21145";"125";"49";"20971";"5413";"1713";"1684";"1405";"214";"162";"-";"3238";"-";"57";"6382";"-";"-";"698";"-";"5";"-";"-";"-";"-";"-";"-";"-";"26400";"21761";"182";"74";"21505";"6529";"986";"1038";"1472";"528";"163";"249";"2806";"-";"-";"4901";"-";"-";"1401";"504";"10";"-";"-";"626";"292";"-";"-";"-"
"316009";"316";"51506";"44047";"368";"148";"43531";"12173";"1901";"1357";"1447";"-";"182";"2650";"10167";"-";"-";"8666";"-";"-";"3414";"1563";"10";"1";"0";"-";"-";"-";"-";"-";"51088";"44637";"299";"94";"44244";"11449";"3712";"2146";"4071";"-";"191";"1890";"6396";"-";"-";"11657";"-";"-";"2713";"-";"11";"2";"6";"-";"-";"-";"-";"-";"50415";"43727";"199";"56";"43472";"11075";"2286";"3809";"5468";"-";"202";"-";"6620";"-";"-";"11931";"1300";"-";"781";"-";"-";"-";"-";"-";"-";"-";"-";"-";"48094";"42022";"341";"90";"41591";"11896";"2593";"5425";"2741";"684";"-";"-";"4680";"703";"-";"11744";"-";"204";"872";"-";"49";"-";"-";"-";"-";"-";"-";"-";"48950";"41370";"289";"90";"40991";"10396";"4060";"3922";"2624";"527";"450";"-";"5440";"-";"85";"12222";"-";"-";"1260";"-";"5";"-";"-";"-";"-";"-";"-";"-";"52991";"44454";"350";"140";"43964";"12772";"2849";"2586";"3189";"975";"377";"884";"4632";"-";"-";"10408";"-";"-";"2667";"934";"49";"-";"-";"1102";"540";"-";"-";"-"
"320003";"320";"26706";"22868";"171";"89";"22608";"5666";"569";"686";"888";"-";"81";"1458";"6516";"-";"-";"4609";"-";"-";"1446";"676";"4";"8";"1";"-";"-";"-";"-";"-";"26476";"23262";"178";"79";"23005";"5352";"1646";"1190";"2030";"-";"79";"988";"4027";"-";"-";"6486";"-";"-";"1201";"-";"4";"0";"2";"-";"-";"-";"-";"-";"26353";"22736";"117";"32";"22587";"5433";"862";"2180";"2535";"-";"106";"-";"3940";"-";"-";"6631";"582";"-";"318";"-";"-";"-";"-";"-";"-";"-";"-";"-";"25377";"22334";"228";"61";"22045";"6108";"846";"1949";"1288";"427";"-";"-";"2840";"400";"-";"7665";"-";"111";"396";"-";"15";"-";"-";"-";"-";"-";"-";"-";"25667";"21812";"173";"50";"21589";"5265";"1481";"2223";"1173";"287";"216";"-";"3286";"-";"41";"7033";"-";"-";"579";"-";"5";"-";"-";"-";"-";"-";"-";"-";"27485";"22889";"215";"66";"22608";"6270";"888";"1375";"1971";"687";"194";"380";"2779";"-";"-";"5494";"-";"-";"1052";"423";"4";"-";"-";"800";"291";"-";"-";"-"
"326003";"326";"37308";"31379";"226";"126";"31027";"8238";"763";"647";"994";"-";"93";"1488";"9574";"-";"-";"6204";"-";"-";"2079";"938";"3";"4";"2";"-";"-";"-";"-";"-";"37150";"31964";"226";"89";"31649";"7872";"1934";"1006";"3152";"-";"130";"1076";"6428";"-";"-";"8394";"-";"-";"1640";"-";"6";"2";"9";"-";"-";"-";"-";"-";"37393";"31873";"145";"68";"31660";"7753";"1221";"2053";"3826";"-";"124";"-";"6766";"-";"-";"8789";"709";"-";"419";"-";"-";"-";"-";"-";"-";"-";"-";"-";"36126";"31320";"271";"84";"30965";"9264";"1109";"2869";"2083";"377";"-";"-";"4712";"475";"-";"9347";"-";"194";"463";"-";"72";"-";"-";"-";"-";"-";"-";"-";"36771";"30788";"202";"79";"30507";"8301";"2090";"2050";"1894";"274";"268";"-";"5104";"-";"72";"9769";"-";"-";"675";"-";"10";"-";"-";"-";"-";"-";"-";"-";"37478";"30609";"246";"136";"30227";"8543";"1320";"1238";"2094";"961";"231";"381";"4109";"-";"-";"7752";"-";"-";"1605";"476";"11";"-";"-";"1201";"305";"-";"-";"-"
"329009";"329";"24430";"21094";"188";"60";"20846";"5474";"758";"534";"740";"-";"74";"1420";"5586";"-";"-";"4062";"-";"-";"1421";"771";"4";"1";"1";"-";"-";"-";"-";"-";"23807";"21010";"158";"55";"20797";"5163";"1678";"853";"1760";"-";"67";"1049";"3403";"-";"-";"5550";"-";"-";"1258";"-";"6";"7";"3";"-";"-";"-";"-";"-";"23190";"20160";"100";"34";"20026";"5194";"813";"1667";"2321";"-";"67";"-";"3367";"-";"-";"5663";"643";"-";"291";"-";"-";"-";"-";"-";"-";"-";"-";"-";"22122";"19427";"150";"106";"19171";"5655";"777";"1470";"1488";"300";"-";"-";"2816";"267";"-";"6037";"-";"73";"259";"-";"29";"-";"-";"-";"-";"-";"-";"-";"22591";"19247";"109";"51";"19087";"4822";"1528";"1585";"1273";"196";"166";"-";"3225";"-";"54";"5777";"-";"-";"458";"-";"3";"-";"-";"-";"-";"-";"-";"-";"25053";"21158";"164";"55";"20939";"5384";"1394";"1345";"1867";"512";"143";"412";"2425";"-";"-";"5121";"-";"-";"1176";"436";"9";"-";"-";"510";"205";"-";"-";"-"
"330016";"330";"58576";"48752";"441";"124";"48187";"13197";"1432";"1151";"1562";"-";"182";"3052";"13577";"-";"-";"9298";"-";"-";"3253";"1464";"13";"3";"3";"-";"-";"-";"-";"-";"58086";"49763";"334";"132";"49297";"12645";"3009";"1999";"4780";"-";"171";"2246";"9038";"-";"-";"12642";"-";"-";"2681";"-";"9";"5";"72";"-";"-";"-";"-";"-";"57783";"48822";"202";"78";"48542";"12633";"1402";"3682";"5834";"-";"182";"-";"9654";"-";"-";"13335";"1166";"-";"654";"-";"-";"-";"-";"-";"-";"-";"-";"-";"56507";"48387";"381";"175";"47831";"14251";"1770";"4420";"3138";"634";"-";"-";"7944";"624";"-";"13863";"-";"287";"742";"-";"158";"-";"-";"-";"-";"-";"-";"-";"56951";"46718";"298";"91";"46329";"12357";"2755";"3734";"2915";"421";"428";"-";"8288";"-";"98";"14207";"-";"-";"1116";"-";"10";"-";"-";"-";"-";"-";"-";"-";"59710";"48626";"408";"100";"48118";"13478";"2626";"2349";"3788";"1455";"349";"745";"5540";"-";"-";"12438";"-";"-";"2410";"859";"15";"-";"-";"1608";"458";"-";"-";"-"
"336002";"336";"16890";"14776";"110";"52";"14614";"3631";"365";"526";"601";"-";"52";"879";"4144";"-";"-";"3012";"-";"-";"878";"519";"5";"2";"0";"-";"-";"-";"-";"-";"16688";"14850";"114";"24";"14712";"3149";"1088";"782";"1219";"-";"37";"687";"2717";"-";"-";"4263";"-";"-";"765";"-";"5";"0";"0";"-";"-";"-";"-";"-";"16567";"14663";"60";"26";"14577";"3533";"520";"1375";"1603";"-";"45";"-";"2521";"-";"-";"4376";"410";"-";"194";"-";"-";"-";"-";"-";"-";"-";"-";"-";"16445";"14816";"117";"44";"14655";"3821";"506";"1343";"740";"253";"-";"-";"2090";"173";"-";"5381";"-";"76";"272";"-";"-";"-";"-";"-";"-";"-";"-";"-";"16601";"14273";"83";"42";"14148";"3072";"985";"1367";"724";"176";"112";"-";"2480";"-";"25";"4791";"-";"-";"416";"-";"0";"-";"-";"-";"-";"-";"-";"-";"17377";"14756";"101";"30";"14625";"3523";"708";"1112";"1554";"391";"111";"282";"1674";"-";"-";"3686";"-";"-";"741";"240";"2";"-";"-";"421";"180";"-";"-";"-"
"340010";"340";"22127";"19056";"167";"45";"18844";"4836";"644";"766";"792";"-";"119";"1073";"4926";"-";"-";"3641";"-";"-";"1263";"774";"3";"2";"5";"-";"-";"-";"-";"-";"21940";"19279";"140";"28";"19111";"4553";"1575";"975";"1796";"-";"118";"902";"3015";"-";"-";"5123";"-";"-";"1038";"-";"6";"6";"4";"-";"-";"-";"-";"-";"21604";"18830";"93";"36";"18701";"4544";"780";"1671";"2231";"-";"137";"-";"3074";"-";"-";"5408";"556";"-";"300";"-";"-";"-";"-";"-";"-";"-";"-";"-";"20855";"18258";"169";"71";"18018";"5069";"786";"1830";"1105";"276";"-";"-";"2226";"473";"-";"5789";"-";"101";"328";"-";"35";"-";"-";"-";"-";"-";"-";"-";"21230";"17999";"119";"38";"17842";"4281";"1462";"1642";"1050";"196";"340";"-";"2539";"-";"44";"5807";"-";"-";"470";"-";"11";"-";"-";"-";"-";"-";"-";"-";"22486";"18852";"135";"64";"18653";"4886";"1116";"1292";"1655";"477";"220";"300";"2127";"-";"-";"4360";"-";"-";"1054";"422";"9";"-";"-";"529";"206";"-";"-";"-"
"350009";"350";"20036";"18123";"151";"57";"17915";"4267";"787";"504";"1070";"-";"69";"1282";"3870";"-";"-";"4051";"-";"-";"1167";"839";"6";"2";"1";"-";"-";"-";"-";"-";"19620";"18008";"140";"53";"17815";"3402";"1772";"878";"1807";"-";"64";"1083";"2468";"-";"-";"5354";"-";"-";"982";"-";"3";"2";"0";"-";"-";"-";"-";"-";"19346";"17659";"76";"50";"17533";"3862";"944";"1580";"2056";"-";"80";"-";"2504";"-";"-";"5550";"632";"-";"325";"-";"-";"-";"-";"-";"-";"-";"-";"-";"18896";"17393";"108";"40";"17245";"4575";"897";"1184";"954";"324";"-";"-";"2035";"292";"-";"6519";"-";"57";"408";"-";"-";"-";"-";"-";"-";"-";"-";"-";"19101";"17139";"112";"34";"16993";"3641";"1669";"1375";"926";"182";"201";"-";"2255";"-";"42";"6129";"-";"-";"573";"-";"-";"-";"-";"-";"-";"-";"-";"-";"20610";"18349";"138";"51";"18160";"4088";"1329";"1196";"1999";"489";"184";"386";"1712";"-";"-";"4690";"-";"-";"1044";"500";"1";"-";"-";"340";"202";"-";"-";"-"
"360029";"360";"33835";"27500";"224";"108";"27168";"9679";"365";"935";"1111";"-";"80";"802";"7024";"-";"-";"4494";"-";"-";"2019";"646";"9";"2";"2";"-";"-";"-";"-";"-";"35795";"30150";"209";"153";"29788";"9279";"1255";"961";"5440";"-";"92";"814";"4544";"-";"-";"5802";"-";"-";"1583";"-";"12";"3";"3";"-";"-";"-";"-";"-";"37618";"31347";"129";"131";"31087";"7940";"524";"1503";"8032";"-";"76";"-";"5234";"-";"-";"7014";"402";"-";"362";"-";"-";"-";"-";"-";"-";"-";"-";"-";"39133";"33727";"368";"104";"33255";"12568";"889";"2445";"2538";"310";"-";"-";"4710";"373";"-";"8473";"-";"257";"692";"-";"-";"-";"-";"-";"-";"-";"-";"-";"38343";"31439";"241";"110";"31088";"10986";"1673";"1886";"2190";"266";"241";"-";"5002";"-";"95";"7860";"-";"-";"872";"-";"17";"-";"-";"-";"-";"-";"-";"-";"32741";"25327";"218";"77";"25032";"10000";"632";"912";"1736";"588";"171";"241";"3065";"-";"-";"5134";"-";"-";"1234";"273";"3";"-";"-";"830";"213";"-";"-";"-"
"370007";"370";"61884";"53019";"440";"144";"52435";"17230";"1175";"1526";"1690";"-";"235";"3438";"12914";"-";"-";"9357";"-";"-";"3278";"1573";"10";"8";"1";"-";"-";"-";"-";"-";"60856";"53268";"368";"160";"52740";"15208";"3546";"2797";"4706";"-";"264";"2282";"8092";"-";"-";"13059";"-";"-";"2763";"-";"14";"3";"6";"-";"-";"-";"-";"-";"60654";"52546";"238";"108";"52200";"15339";"1788";"5110";"6012";"-";"229";"-";"8305";"-";"-";"13430";"1313";"-";"674";"-";"-";"-";"-";"-";"-";"-";"-";"-";"57805";"50695";"393";"132";"50170";"16094";"1789";"6534";"3013";"759";"-";"-";"5564";"929";"-";"14334";"-";"275";"862";"-";"17";"-";"-";"-";"-";"-";"-";"-";"59184";"49862";"299";"122";"49441";"14328";"3353";"5976";"2604";"538";"539";"-";"6919";"-";"105";"13828";"-";"-";"1241";"-";"10";"-";"-";"-";"-";"-";"-";"-";"62805";"52203";"383";"130";"51690";"17409";"2411";"2841";"4192";"1355";"394";"956";"5179";"-";"-";"11787";"-";"-";"2372";"900";"7";"-";"-";"1380";"507";"-";"-";"-"
"376003";"376";"47693";"40156";"354";"152";"39650";"12657";"791";"933";"1319";"-";"190";"1501";"11534";"-";"-";"6760";"-";"-";"2853";"1097";"8";"6";"1";"-";"-";"-";"-";"-";"48364";"41787";"296";"146";"41345";"13097";"2328";"1603";"4262";"-";"197";"1284";"6606";"-";"-";"9627";"-";"-";"2325";"-";"14";"1";"1";"-";"-";"-";"-";"-";"49243";"42233";"226";"148";"41859";"12852";"1274";"2913";"5305";"-";"163";"-";"7103";"-";"-";"10829";"843";"-";"577";"-";"-";"-";"-";"-";"-";"-";"-";"-";"49655";"43424";"464";"136";"42824";"14309";"1596";"3850";"2638";"551";"-";"-";"5899";"609";"-";"12393";"-";"262";"717";"-";"-";"-";"-";"-";"-";"-";"-";"-";"49364";"41430";"300";"137";"40993";"12968";"2799";"3602";"2371";"446";"382";"-";"6251";"-";"99";"11039";"-";"-";"1025";"-";"11";"-";"-";"-";"-";"-";"-";"-";"47446";"38479";"359";"145";"37975";"12995";"1430";"1674";"2844";"847";"326";"432";"5444";"-";"-";"8040";"-";"-";"1815";"614";"5";"-";"-";"1102";"407";"-";"-";"-"
"390005";"390";"35369";"30440";"252";"97";"30091";"8975";"734";"732";"1101";"-";"89";"1454";"7526";"-";"-";"5642";"-";"-";"2346";"1477";"9";"4";"2";"-";"-";"-";"-";"-";"35430";"31067";"220";"96";"30751";"8362";"2083";"1336";"3276";"-";"113";"1230";"4847";"-";"-";"7326";"-";"-";"2164";"-";"9";"2";"3";"-";"-";"-";"-";"-";"35723";"31127";"150";"117";"30860";"7995";"1228";"2372";"4514";"-";"104";"-";"5049";"-";"-";"8229";"727";"-";"642";"-";"-";"-";"-";"-";"-";"-";"-";"-";"35162";"30868";"291";"74";"30503";"9594";"1101";"2872";"2431";"437";"-";"-";"3517";"390";"-";"9236";"-";"201";"724";"-";"-";"-";"-";"-";"-";"-";"-";"-";"35432";"30153";"207";"87";"29859";"7980";"2268";"2872";"2209";"316";"235";"-";"4342";"-";"122";"8464";"-";"-";"1047";"-";"4";"-";"-";"-";"-";"-";"-";"-";"35670";"29643";"274";"77";"29292";"8776";"1814";"1412";"2804";"684";"201";"355";"2827";"-";"-";"6517";"-";"-";"1970";"822";"15";"-";"-";"818";"277";"-";"-";"-"
"400006";"400";"31380";"26205";"227";"81";"25897";"8661";"426";"440";"711";"-";"749";"1037";"5155";"-";"-";"5253";"-";"-";"2170";"1295";"-";"-";"-";"-";"-";"-";"-";"-";"32355";"27579";"180";"97";"27302";"9788";"1503";"579";"2000";"-";"681";"508";"2965";"-";"-";"7300";"-";"-";"1978";"-";"-";"-";"-";"-";"-";"-";"-";"-";"33081";"28132";"174";"57";"27901";"9875";"617";"1682";"3301";"-";"555";"-";"3357";"-";"-";"7341";"615";"-";"537";"-";"21";"-";"-";"-";"-";"-";"-";"-";"33641";"28948";"234";"90";"28624";"10916";"553";"995";"1285";"293";"-";"-";"2764";"1110";"-";"9915";"-";"200";"593";"-";"-";"-";"-";"-";"-";"-";"-";"-";"33267";"27730";"162";"70";"27498";"9102";"1132";"795";"1109";"179";"1094";"-";"2717";"-";"64";"9582";"-";"-";"1198";"-";"88";"438";"-";"-";"-";"-";"-";"-";"31154";"25489";"205";"57";"25227";"8573";"844";"453";"1085";"428";"1033";"247";"2625";"-";"-";"6375";"-";"-";"2042";"822";"-";"-";"-";"479";"221";"-";"-";"-"
"410011";"410";"28428";"24950";"224";"48";"24678";"7260";"845";"793";"1005";"-";"112";"1637";"5784";"-";"-";"5001";"-";"-";"1417";"824";"-";"-";"-";"-";"-";"-";"-";"-";"27987";"25066";"151";"74";"24841";"6622";"2084";"1140";"2158";"-";"110";"1190";"3285";"-";"-";"7159";"-";"-";"1083";"-";"8";"2";"-";"-";"-";"-";"-";"-";"27541";"24123";"117";"65";"23941";"6362";"1198";"2952";"2644";"-";"101";"-";"3737";"-";"-";"6124";"588";"-";"230";"-";"5";"-";"-";"-";"-";"-";"-";"-";"26463";"23564";"201";"59";"23304";"7271";"1233";"2526";"1170";"313";"-";"-";"2995";"398";"-";"6980";"-";"123";"295";"-";"-";"-";"-";"-";"-";"-";"-";"-";"26883";"23187";"147";"41";"22999";"6369";"1913";"3093";"1092";"220";"263";"-";"3170";"-";"73";"6338";"-";"-";"468";"-";"-";"-";"-";"-";"-";"-";"-";"-";"29308";"25171";"237";"74";"24860";"7713";"1595";"1557";"1471";"478";"312";"482";"2357";"-";"-";"6715";"-";"-";"1060";"498";"-";"-";"-";"421";"201";"-";"-";"-"
"411001";"411";"59";"58";"3";"0";"55";"22";"1";"1";"5";"-";"0";"0";"13";"-";"-";"4";"-";"-";"5";"4";"-";"-";"-";"-";"-";"-";"-";"-";"69";"64";"2";"0";"62";"13";"6";"1";"11";"-";"0";"1";"7";"-";"-";"9";"-";"-";"14";"-";"-";"-";"-";"-";"-";"-";"-";"-";"69";"68";"2";"0";"66";"13";"1";"6";"27";"-";"0";"-";"4";"-";"-";"9";"2";"-";"4";"-";"0";"-";"-";"-";"-";"-";"-";"-";"74";"71";"2";"1";"68";"13";"7";"8";"9";"2";"-";"-";"4";"0";"-";"20";"-";"0";"5";"-";"-";"-";"-";"-";"-";"-";"-";"-";"73";"70";"2";"0";"68";"14";"10";"2";"2";"1";"2";"-";"4";"-";"0";"22";"-";"-";"11";"-";"0";"0";"-";"-";"-";"-";"-";"-";"60";"58";"2";"0";"56";"20";"2";"3";"6";"0";"0";"1";"1";"-";"-";"9";"-";"-";"10";"2";"-";"-";"-";"2";"0";"-";"-";"-"
"420009";"420";"30895";"26923";"254";"89";"26580";"7657";"680";"836";"939";"-";"115";"1626";"6617";"-";"-";"5379";"-";"-";"1806";"925";"-";"-";"-";"-";"-";"-";"-";"-";"31003";"27405";"224";"81";"27100";"7841";"1935";"1291";"2509";"-";"139";"1135";"3634";"-";"-";"7191";"-";"-";"1419";"-";"2";"4";"-";"-";"-";"-";"-";"-";"31094";"26969";"142";"84";"26743";"7198";"1160";"3517";"3136";"-";"112";"-";"4236";"-";"-";"6430";"649";"-";"302";"-";"3";"-";"-";"-";"-";"-";"-";"-";"30668";"26903";"273";"76";"26554";"7699";"1162";"3798";"1335";"337";"-";"-";"3427";"443";"-";"7803";"-";"153";"397";"-";"-";"-";"-";"-";"-";"-";"-";"-";"30559";"26145";"192";"41";"25912";"7389";"1800";"3929";"1206";"199";"288";"-";"3565";"-";"53";"6908";"-";"-";"575";"-";"-";"-";"-";"-";"-";"-";"-";"-";"30849";"26299";"260";"79";"25960";"8152";"1156";"1428";"1564";"572";"327";"365";"2956";"-";"-";"6767";"-";"-";"1287";"574";"-";"-";"-";"594";"218";"-";"-";"-"
"430008";"430";"38722";"33503";"320";"89";"33094";"9020";"974";"976";"1365";"-";"120";"1800";"7747";"-";"-";"7417";"-";"-";"2349";"1326";"-";"-";"-";"-";"-";"-";"-";"-";"38922";"34264";"266";"106";"33892";"9115";"2809";"1440";"3215";"-";"151";"1284";"4329";"-";"-";"9771";"-";"-";"1761";"-";"6";"11";"-";"-";"-";"-";"-";"-";"38941";"34046";"209";"83";"33754";"8357";"1750";"3908";"4317";"-";"116";"-";"5050";"-";"-";"8947";"811";"-";"489";"-";"9";"-";"-";"-";"-";"-";"-";"-";"38275";"33841";"361";"75";"33405";"9099";"1581";"4599";"2034";"482";"-";"-";"3985";"529";"-";"10270";"-";"194";"632";"-";"-";"-";"-";"-";"-";"-";"-";"-";"38331";"32779";"247";"62";"32470";"8107";"2712";"4348";"1828";"326";"350";"-";"4291";"-";"87";"9539";"-";"-";"882";"-";"-";"-";"-";"-";"-";"-";"-";"-";"39070";"33013";"310";"78";"32625";"9667";"1799";"1744";"2057";"639";"370";"440";"3471";"-";"-";"8850";"-";"-";"1826";"854";"-";"-";"-";"628";"280";"-";"-";"-"
"440004";"440";"18047";"15746";"132";"47";"15567";"5183";"304";"517";"730";"-";"66";"819";"3713";"-";"-";"2795";"-";"-";"991";"449";"-";"-";"-";"-";"-";"-";"-";"-";"17844";"16025";"109";"61";"15855";"5002";"1057";"753";"1719";"-";"61";"634";"2122";"-";"-";"3740";"-";"-";"759";"-";"1";"7";"-";"-";"-";"-";"-";"-";"17562";"15613";"92";"32";"15489";"4397";"618";"2004";"2083";"-";"55";"-";"2482";"-";"-";"3367";"307";"-";"172";"-";"4";"-";"-";"-";"-";"-";"-";"-";"17172";"15406";"134";"29";"15243";"5018";"613";"2142";"945";"176";"-";"-";"1861";"192";"-";"3917";"-";"107";"272";"-";"-";"-";"-";"-";"-";"-";"-";"-";"17133";"15023";"92";"21";"14910";"4747";"952";"2115";"907";"119";"154";"-";"2165";"-";"25";"3378";"-";"-";"348";"-";"-";"-";"-";"-";"-";"-";"-";"-";"18054";"15452";"131";"54";"15267";"5422";"709";"1244";"839";"297";"172";"218";"1594";"-";"-";"3256";"-";"-";"773";"263";"-";"-";"-";"357";"123";"-";"-";"-"
"450002";"450";"24119";"20785";"185";"79";"20521";"6868";"455";"524";"705";"-";"63";"1053";"4894";"-";"-";"3892";"-";"-";"1414";"653";"-";"-";"-";"-";"-";"-";"-";"-";"23901";"21057";"155";"98";"20804";"6386";"1401";"798";"2080";"-";"64";"792";"2846";"-";"-";"5280";"-";"-";"1112";"-";"5";"40";"-";"-";"-";"-";"-";"-";"23794";"20582";"115";"38";"20429";"5789";"793";"2184";"2678";"-";"52";"-";"3227";"-";"-";"5033";"404";"-";"260";"-";"9";"-";"-";"-";"-";"-";"-";"-";"22892";"19947";"190";"59";"19698";"6301";"760";"2403";"1167";"232";"-";"-";"2588";"215";"-";"5555";"-";"147";"330";"-";"-";"-";"-";"-";"-";"-";"-";"-";"23376";"19595";"149";"41";"19405";"5908";"1378";"2369";"1059";"171";"139";"-";"2818";"-";"56";"5053";"-";"-";"454";"-";"-";"-";"-";"-";"-";"-";"-";"-";"24359";"20541";"193";"69";"20279";"6964";"1004";"1063";"1128";"467";"167";"300";"1957";"-";"-";"5105";"-";"-";"1138";"443";"-";"-";"-";"386";"157";"-";"-";"-"
"461019";"461";"146111";"124213";"1383";"573";"122257";"35434";"5462";"4505";"6353";"-";"579";"9727";"22542";"-";"-";"19000";"-";"-";"12257";"6398";"-";"-";"-";"-";"-";"-";"-";"-";"141315";"122797";"923";"491";"121383";"35280";"11993";"7125";"13555";"-";"492";"5471";"13210";"-";"-";"25522";"-";"-";"8686";"-";"30";"19";"-";"-";"-";"-";"-";"-";"138827";"118978";"549";"273";"118156";"33157";"6704";"18066";"18956";"-";"519";"-";"15778";"-";"-";"19255";"3162";"-";"2539";"-";"20";"-";"-";"-";"-";"-";"-";"-";"138713";"117251";"754";"245";"116252";"38091";"5773";"21015";"8507";"1886";"-";"-";"12609";"1744";"-";"23247";"-";"476";"2904";"-";"-";"-";"-";"-";"-";"-";"-";"-";"139195";"115750";"712";"252";"114786";"35521";"11133";"19273";"8023";"1179";"1146";"-";"13778";"-";"279";"20512";"-";"-";"3942";"-";"-";"-";"-";"-";"-";"-";"-";"-";"150646";"126988";"1288";"484";"125216";"35310";"12926";"8051";"9631";"2121";"1419";"3132";"8786";"-";"-";"25955";"-";"-";"9933";"4707";"-";"-";"-";"2221";"1024";"-";"-";"-"
"479005";"479";"44421";"38238";"401";"101";"37736";"9964";"1207";"1269";"1636";"-";"131";"2145";"8412";"-";"-";"6254";"-";"-";"4173";"2545";"-";"-";"-";"-";"-";"-";"-";"-";"44581";"39404";"277";"121";"39006";"10482";"3468";"1851";"4513";"-";"183";"1499";"4594";"-";"-";"9039";"-";"-";"3355";"-";"8";"14";"-";"-";"-";"-";"-";"-";"44390";"38640";"199";"79";"38362";"9809";"2090";"4203";"5803";"-";"145";"-";"5609";"-";"-";"8761";"911";"-";"1018";"-";"13";"-";"-";"-";"-";"-";"-";"-";"43730";"38270";"318";"103";"37849";"11020";"1891";"3973";"3183";"553";"-";"-";"4485";"526";"-";"10928";"-";"203";"1087";"-";"-";"-";"-";"-";"-";"-";"-";"-";"44005";"37427";"261";"94";"37072";"9622";"3383";"4945";"2582";"370";"347";"-";"4993";"-";"119";"9152";"-";"-";"1559";"-";"-";"-";"-";"-";"-";"-";"-";"-";"44778";"38005";"393";"106";"37506";"11358";"2432";"2107";"2499";"718";"386";"585";"3233";"-";"-";"8053";"-";"-";"3596";"1562";"-";"-";"-";"651";"326";"-";"-";"-"
"480008";"480";"21840";"19040";"157";"41";"18842";"5464";"367";"646";"601";"-";"63";"1038";"4951";"-";"-";"4229";"-";"-";"1027";"456";"-";"-";"-";"-";"-";"-";"-";"-";"22011";"19319";"149";"63";"19107";"5169";"1028";"873";"1954";"-";"56";"770";"2894";"-";"-";"5615";"-";"-";"742";"-";"4";"2";"-";"-";"-";"-";"-";"-";"21894";"19086";"111";"33";"18942";"4852";"682";"2760";"1997";"-";"45";"-";"3240";"-";"-";"4837";"369";"-";"156";"-";"4";"-";"-";"-";"-";"-";"-";"-";"21426";"19092";"153";"38";"18901";"5613";"650";"3057";"726";"215";"-";"-";"2511";"226";"-";"5568";"-";"136";"199";"-";"-";"-";"-";"-";"-";"-";"-";"-";"21485";"18507";"110";"23";"18374";"5261";"1053";"3024";"774";"126";"130";"-";"2769";"-";"26";"4888";"-";"-";"323";"-";"-";"-";"-";"-";"-";"-";"-";"-";"22234";"18821";"164";"55";"18602";"5932";"653";"1091";"1056";"433";"175";"263";"2127";"-";"-";"5354";"-";"-";"662";"265";"-";"-";"-";"463";"128";"-";"-";"-"
"482007";"482";"10245";"8697";"95";"41";"8561";"2246";"152";"169";"328";"-";"28";"271";"2309";"-";"-";"1912";"-";"-";"780";"366";"-";"-";"-";"-";"-";"-";"-";"-";"10679";"9144";"58";"29";"9057";"2567";"596";"358";"916";"-";"45";"268";"1388";"-";"-";"2224";"-";"-";"688";"-";"5";"2";"-";"-";"-";"-";"-";"-";"10998";"9334";"68";"26";"9240";"2298";"402";"883";"1170";"-";"32";"-";"1763";"-";"-";"2286";"194";"-";"211";"-";"1";"-";"-";"-";"-";"-";"-";"-";"11359";"9790";"121";"23";"9646";"2810";"502";"945";"603";"124";"-";"-";"1392";"120";"-";"2884";"-";"71";"195";"-";"-";"-";"-";"-";"-";"-";"-";"-";"11236";"9298";"83";"36";"9179";"2451";"700";"966";"475";"57";"62";"-";"1581";"-";"31";"2519";"-";"-";"337";"-";"-";"-";"-";"-";"-";"-";"-";"-";"10129";"8291";"65";"19";"8207";"2789";"324";"591";"488";"144";"73";"53";"854";"-";"-";"1926";"-";"-";"538";"207";"-";"-";"-";"159";"61";"-";"-";"-"
"492001";"492";"5088";"4315";"31";"17";"4267";"965";"67";"614";"128";"-";"16";"155";"944";"-";"-";"794";"-";"-";"361";"223";"-";"-";"-";"-";"-";"-";"-";"-";"5325";"4668";"32";"21";"4615";"1113";"287";"404";"371";"-";"29";"121";"676";"-";"-";"1304";"-";"-";"309";"-";"0";"1";"-";"-";"-";"-";"-";"-";"5434";"4629";"17";"10";"4602";"1176";"157";"748";"474";"-";"18";"-";"721";"-";"-";"1158";"81";"-";"69";"-";"0";"-";"-";"-";"-";"-";"-";"-";"5728";"4874";"28";"9";"4837";"1401";"104";"798";"240";"264";"-";"-";"577";"76";"-";"1277";"-";"29";"71";"-";"-";"-";"-";"-";"-";"-";"-";"-";"5578";"4580";"11";"9";"4560";"1315";"203";"866";"217";"68";"50";"-";"613";"-";"8";"1112";"-";"-";"108";"-";"-";"-";"-";"-";"-";"-";"-";"-";"4895";"4060";"31";"9";"4020";"1030";"195";"380";"228";"57";"52";"29";"411";"-";"-";"1065";"-";"-";"369";"132";"-";"-";"-";"39";"33";"-";"-";"-"
"510032";"510";"41764";"35927";"333";"127";"35467";"8621";"979";"788";"920";"-";"502";"2494";"10030";"-";"-";"8465";"-";"-";"1783";"885";"-";"-";"-";"-";"-";"-";"-";"-";"41621";"36208";"273";"109";"35826";"8652";"2206";"1340";"3004";"-";"480";"1810";"4949";"-";"-";"11973";"-";"-";"1397";"-";"5";"10";"-";"-";"-";"-";"-";"-";"41894";"36050";"190";"104";"35756";"8319";"1025";"2568";"4044";"-";"418";"-";"5654";"-";"-";"12798";"679";"-";"251";"-";"-";"-";"-";"-";"-";"-";"-";"-";"42103,13";"36964,85";"326,00";"116,41";"36522,44";"10008,15";"1092,63";"2951,04";"1562,14";"447,06";"-";"-";"4832,24";"1081,54";"-";"13918,82";"-";"294,26";"334,57";"-";"-";"-";"-";"-";"-";"-";"-";"-";"45588,94";"38357,47";"259,76";"113,57";"37984,14";"9216,31";"2122,94";"2940,57";"1868,98";"316,69";"977";"-";"5842,98";"-";"74,94";"14074,59";"-";"-";"549,14";"-";"-";"-";"-";"-";"-";"-";"-";"-";"41541";"34638";"355";"112";"34171";"9357";"1660";"1534";"1614";"1786";"852";"627";"4213";"-";"-";"9611";"-";"-";"1495";"495";"24";"-";"-";"663";"240";"-";"-";"-"
"530005";"530";"19047";"16515";"100";"40";"16375";"3172";"365";"277";"356";"-";"287";"1104";"5306";"-";"-";"4704";"-";"-";"522";"282";"-";"-";"-";"-";"-";"-";"-";"-";"19082";"16759";"112";"50";"16597";"3346";"854";"524";"829";"-";"317";"741";"2846";"-";"-";"6746";"-";"-";"386";"-";"3";"5";"-";"-";"-";"-";"-";"-";"19003";"16373";"83";"52";"16238";"3013";"474";"1252";"1265";"-";"307";"-";"2630";"-";"-";"6916";"302";"-";"79";"-";"-";"-";"-";"-";"-";"-";"-";"-";"19087";"16702";"87";"30";"16585";"4149";"405";"950";"298";"189";"-";"-";"2064";"634";"-";"7706";"-";"112";"78";"-";"-";"-";"-";"-";"-";"-";"-";"-";"19086";"16122";"89";"33";"16000";"3099";"714";"1020";"426";"228";"624";"-";"2402";"-";"22";"7330";"-";"-";"135";"-";"-";"-";"-";"-";"-";"-";"-";"-";"18876";"15804";"145";"40";"15619";"3688";"757";"603";"482";"498";"535";"290";"2328";"-";"-";"5565";"-";"-";"372";"167";"8";"-";"-";"228";"98";"-";"-";"-"
"540006";"540";"54930";"47005";"422";"187";"46396";"11728";"1983";"818";"1129";"-";"240";"3357";"14124";"-";"-";"9994";"-";"-";"1981";"1042";"-";"-";"-";"-";"-";"-";"-";"-";"55474";"48028";"337";"182";"47509";"13017";"2790";"2416";"3374";"-";"251";"2077";"7329";"-";"-";"14770";"-";"-";"1467";"-";"6";"12";"-";"-";"-";"-";"-";"-";"56020";"48552,00";"242";"138";"48172";"12353";"1464";"3442";"4572";"-";"250";"-";"8746";"-";"-";"16128";"870";"-";"347";"-";"-";"-";"-";"-";"-";"-";"-";"-";"56187";"49383";"446";"130";"48807";"15128";"1781";"3759";"1837";"605";"-";"-";"7555";"870";"-";"16394";"-";"443";"435";"-";"-";"-";"-";"-";"-";"-";"-";"-";"56201";"47572";"328";"114";"47130";"12991";"2715";"3777";"1727";"363";"675";"-";"8030";"-";"102";"16032";"-";"-";"718";"-";"-";"-";"-";"-";"-";"-";"-";"-";"54724";"45466";"420";"170";"44876";"13470";"2572";"2049";"1897";"2151";"574";"739";"5511";"-";"-";"12521";"-";"-";"1440";"671";"82";"-";"-";"918";"281";"-";"-";"-"
"550025";"550";"28310";"23963";"200";"103";"23660";"5038";"614";"478";"560";"-";"397";"1727";"6958";"-";"-";"6313";"-";"-";"1087";"488";"-";"-";"-";"-";"-";"-";"-";"-";"29046";"24815";"211";"98";"24506";"5967";"1313";"887";"1691";"-";"446";"1162";"3374";"-";"-";"8948";"-";"-";"708";"-";"6";"4";"-";"-";"-";"-";"-";"-";"29598";"24919";"142";"71";"24706";"5443";"736";"1913";"2196";"-";"332";"-";"3799";"-";"-";"9733";"388";"-";"166";"-";"-";"-";"-";"-";"-";"-";"-";"-";"30604";"26487,13";"350,93";"76,47";"26059,73";"6319,27";"798,73";"1877,33";"864,73";"360,93";"-";"-";"3015";"873,53";"-";"11284,47";"-";"408,27";"257,47";"-";"-";"-";"-";"-";"-";"-";"-";"-";"30103";"24951";"205";"69";"24677";"5482";"1290";"1760";"836";"267";"783";"-";"3441";"-";"65";"10363";"-";"-";"390";"-";"-";"-";"-";"-";"-";"-";"-";"-";"27690";"22444";"236";"103";"22105";"5413";"799";"972";"1201";"999";"654";"376";"2889";"-";"-";"7318";"-";"-";"666";"245";"11";"-";"-";"424";"138";"-";"-";"-"
"561023";"561";"85858";"72175";"657";"265";"71253";"18399";"1929";"1411";"2475";"-";"575";"4975";"18830";"-";"-";"15693";"-";"-";"5175";"1791";"-";"-";"-";"-";"-";"-";"-";"-";"85155";"73627";"479";"274";"72874";"19588";"4579";"2179";"6424";"-";"528";"3109";"9562";"-";"-";"23083";"-";"-";"3796";"-";"14";"12";"-";"-";"-";"-";"-";"-";"84396";"71961";"385";"216";"71360";"19645";"2191";"5035";"9055";"-";"487";"-";"10507";"-";"-";"22537";"1175";"-";"728";"-";"-";"-";"-";"-";"-";"-";"-";"-";"84918,29";"73156,38";"497,97";"198,19";"72460,22";"24130,30";"1964,29";"3699,35";"3528,70";"814,16";"-";"-";"8800,18";"1403,29";"-";"26677,24";"-";"423,94";"1018,76";"-";"-";"-";"-";"-";"-";"-";"-";"-";"84088";"69551";"421";"204";"68926";"20077";"3927";"4506";"3978";"626";"1196";"-";"9796";"-";"158";"23226";"-";"-";"1436";"-";"-";"-";"-";"-";"-";"-";"-";"-";"85893";"70574";"666";"226";"69682";"20123";"3758";"3431";"3938";"2797";"1129";"1471";"7930";"-";"-";"18133";"-";"-";"3786";"1229";"34";"-";"-";"1380";"543";"-";"-";"-"
"563002";"563";"2535";"2273";"25";"4";"2244";"608";"71";"77";"116";"-";"7";"139";"448";"-";"-";"425";"-";"-";"230";"123";"-";"-";"-";"-";"-";"-";"-";"-";"2486";"2261";"16";"8";"2237";"465";"191";"94";"237";"-";"8";"109";"292";"-";"-";"666";"-";"-";"172";"-";"3";"0";"-";"-";"-";"-";"-";"-";"2465";"2236";"16";"7";"2213";"515";"92";"185";"377";"-";"13";"-";"310";"-";"-";"617";"58";"-";"46";"-";"-";"-";"-";"-";"-";"-";"-";"-";"2447";"2204";"23";"2";"2179";"561";"78";"252";"174";"22";"-";"-";"226";"30";"-";"750";"-";"12";"74";"-";"-";"-";"-";"-";"-";"-";"-";"-";"2432";"2126";"17";"4";"2105";"482";"181";"189";"193";"14";"30";"-";"272";"-";"6";"639";"-";"-";"99";"-";"-";"-";"-";"-";"-";"-";"-";"-";"2635";"2332";"17";"4";"2311";"575";"172";"186";"189";"35";"25";"34";"201";"-";"-";"512";"-";"-";"241";"93";"0";"-";"-";"20";"28";"-";"-";"-"
"573022";"573";"36750";"31929";"275";"109";"31545";"5907";"753";"510";"721";"-";"467";"2103";"8996";"-";"-";"10327";"-";"-";"1153";"608";"-";"-";"-";"-";"-";"-";"-";"-";"36603";"32098";"226";"101";"31771";"5985";"1937";"961";"1871";"-";"551";"1430";"4525";"-";"-";"13630";"-";"-";"878";"-";"1";"2";"-";"-";"-";"-";"-";"-";"36390";"31640";"161";"57";"31422";"5765";"1106";"2261";"2401";"-";"421";"-";"4410";"-";"-";"14405";"482";"-";"171";"-";"-";"-";"-";"-";"-";"-";"-";"-";"36322,71";"32238,62";"290,03";"71,81";"31876,78";"6946,70";"968,71";"2041,65";"928,30";"332,84";"-";"-";"3781,82";"1059,71";"-";"15420,76";"-";"218,06";"178,24";"-";"-";"-";"-";"-";"-";"-";"-";"-";"36838";"31366";"215";"81";"31070";"5688";"1676";"2544";"933";"264";"896";"-";"4175";"-";"49";"14525";"-";"-";"320";"-";"-";"-";"-";"-";"-";"-";"-";"-";"36589";"30797";"286";"67";"30444";"6813";"1373";"1343";"1198";"1191";"904";"789";"4050";"-";"-";"10684";"-";"-";"888";"380";"16";"-";"-";"570";"245";"-";"-";"-"
"575006";"575";"30835";"26779";"226";"75";"26478";"5923";"548";"619";"673";"-";"219";"1961";"7556";"-";"-";"7439";"-";"-";"1028";"512";"-";"-";"-";"-";"-";"-";"-";"-";"30989";"27087";"211";"73";"26803";"6141";"1571";"1035";"1758";"-";"203";"1456";"3796";"-";"-";"10116";"-";"-";"712";"-";"13";"2";"-";"-";"-";"-";"-";"-";"30732";"26360";"177";"64";"26119";"5634";"850";"2101";"2393";"-";"194";"-";"3923";"-";"-";"10394";"493";"-";"137";"-";"-";"-";"-";"-";"-";"-";"-";"-";"30095";"26479";"239";"69";"26171";"6873";"786";"1597";"767";"310";"-";"-";"3090";"592";"-";"11765";"-";"185";"206";"-";"-";"-";"-";"-";"-";"-";"-";"-";"30229";"25472";"149";"60";"25263";"5536";"1475";"1865";"909";"205";"496";"-";"3523";"-";"67";"10838";"-";"-";"349";"-";"-";"-";"-";"-";"-";"-";"-";"-";"30691";"25736";"213";"75";"25448";"6668";"1043";"1298";"1029";"1319";"474";"537";"3282";"-";"-";"8049";"-";"-";"825";"306";"12";"-";"-";"425";"181";"-";"-";"-"
"580007";"580";"42572";"36232";"274";"134";"35824";"7857";"1175";"639";"823";"-";"354";"2503";"11392";"-";"-";"8773";"-";"-";"1608";"700";"-";"-";"-";"-";"-";"-";"-";"-";"43047";"36940";"263";"137";"36540";"9088";"2092";"1259";"2188";"-";"367";"1538";"5711";"-";"-";"13144";"-";"-";"1142";"-";"4";"7";"-";"-";"-";"-";"-";"-";"43224";"36949";"162";"117";"36670";"8395";"1081";"3037";"3101";"-";"307";"-";"6282";"-";"-";"13637";"594";"-";"236";"-";"-";"-";"-";"-";"-";"-";"-";"-";"43415";"37825";"485";"120";"37220";"9899";"1300";"2725";"1235";"504";"-";"-";"5535";"876";"-";"14484";"-";"329";"333";"-";"-";"-";"-";"-";"-";"-";"-";"-";"43418";"36163";"233";"102";"35828";"8594";"1850";"2991";"1411";"341";"708";"-";"5706";"-";"78";"13629";"-";"-";"520";"-";"-";"-";"-";"-";"-";"-";"-";"-";"42395";"34728";"290";"101";"34337";"8858";"1655";"1403";"1449";"1593";"678";"525";"5076";"-";"-";"10666";"-";"-";"1092";"401";"20";"-";"-";"695";"226";"-";"-";"-"
"607001";"607";"37395";"31614";"299";"83";"31232";"8755";"789";"639";"1057";"-";"256";"2077";"9312";"-";"-";"5471";"-";"-";"1911";"965";"-";"-";"-";"-";"-";"-";"-";"-";"37139";"32351";"212";"86";"32053";"9753";"1978";"1242";"2530";"-";"281";"1395";"4858";"-";"-";"8570";"-";"-";"1436";"-";"5";"5";"-";"-";"-";"-";"-";"-";"36798";"31187";"147";"89";"30951";"8234";"961";"2868";"4291";"-";"279";"-";"5082";"-";"-";"8350";"614";"-";"272";"-";"-";"-";"-";"-";"-";"-";"-";"-";"36347";"31198";"241";"124";"30833";"10460";"1018";"2413";"1832";"364";"-";"-";"4346";"684";"-";"9139";"-";"194";"373";"-";"10";"-";"-";"-";"-";"-";"-";"-";"36744";"30221";"157";"84";"29980";"8673";"1988";"2602";"1915";"223";"589";"-";"4656";"-";"61";"8558";"-";"-";"703";"-";"12";"-";"-";"-";"-";"-";"-";"-";"38030";"31236";"330";"116";"30790";"9432";"1785";"1774";"1762";"1105";"556";"617";"3891";"-";"-";"6675";"-";"-";"1691";"588";"17";"-";"-";"595";"302";"-";"-";"-"
"615005";"615";"61563";"52884";"483";"212";"52189";"13900";"1808";"1293";"1914";"-";"309";"5098";"12878";"-";"-";"9634";"-";"-";"3454";"1819";"2";"78";"2";"-";"-";"-";"-";"-";"59588";"52451";"393";"178";"51880";"13595";"4242";"1770";"4521";"-";"252";"3272";"6851";"-";"-";"14855";"-";"-";"2508";"-";"9";"5";"-";"-";"-";"-";"-";"-";"58088";"50286";"253";"126";"49907";"13610";"1788";"4131";"5536";"-";"271";"-";"7247";"-";"-";"15154";"1605";"-";"557";"-";"8";"-";"-";"-";"-";"-";"-";"-";"55697,47";"48829,73";"362";"126,56";"48341,17";"14709,35";"1932,58";"3950,47";"2562,71";"710,12";"-";"-";"6449,73";"930,46";"-";"15831,52";"-";"326,45";"877,78";"-";"60";"-";"-";"-";"-";"-";"-";"-";"56502,02";"47666,77";"286,02";"123";"47257,75";"12559,31";"3273,16";"4066,13";"2703,12";"410,02";"677,05";"-";"6817,23";"-";"132,00";"15181,66";"-";"-";"1394,07";"-";"44";"-";"-";"-";"-";"-";"-";"-";"63450";"53138";"464";"159";"52515";"14601";"3627";"3208";"3411";"1253";"890";"1647";"6042";"-";"-";"12437";"-";"-";"2672";"1075";"53";"9";"-";"1148";"442";"-";"-";"-"
"621014";"621";"65705";"56214";"458";"202";"55554";"12660";"2017";"1817";"2365";"-";"569";"5013";"14361";"-";"-";"12317";"-";"-";"2726";"1709";"-";"-";"-";"-";"-";"-";"-";"-";"64926";"56933";"328";"156";"56449";"11855";"4389";"3007";"5465";"-";"548";"3291";"8009";"-";"-";"17503";"-";"-";"2363";"-";"6";"13";"-";"-";"-";"-";"-";"-";"64168";"55319";"212";"129";"54978";"10607";"2267";"6073";"8762";"-";"512";"-";"8141";"-";"-";"16964";"1168";"-";"484";"-";"-";"-";"-";"-";"-";"-";"-";"-";"62698,87";"54381,02";"378,07";"163,13";"53839,82";"13751,58";"2461,64";"4224,63";"4268,13";"766,01";"-";"-";"7023,76";"1431,93";"-";"19083,71";"-";"236,48";"576,97";"-";"15";"-";"-";"-";"-";"-";"-";"-";"58838,45";"49282,18";"232,78";"94,35";"48955,06";"10300,41";"3701,29";"4422,69";"4277,69";"406,22";"1010,51";"-";"6866,27";"-";"108,06";"17020,31";"-";"-";"823,61";"-";"18";"-";"-";"-";"-";"-";"-";"-";"66997";"56578";"430";"168";"55980";"12979";"4281";"3424";"3614";"2284";"1240";"1545";"6206";"-";"-";"15432";"-";"-";"2403";"1202";"30";"-";"-";"935";"405";"-";"-";"-"
"630020";"630";"79908";"69060";"589";"238";"68233";"15723";"2739";"1552";"2313";"-";"919";"5824";"18745";"-";"-";"14562";"-";"-";"3410";"2446";"-";"-";"-";"-";"-";"-";"-";"-";"77932";"68707";"471";"240";"67996";"15080";"5842";"2961";"5346";"-";"734";"3794";"11415";"-";"-";"19999";"-";"-";"2809";"-";"5";"11";"-";"-";"-";"-";"-";"-";"76449";"66111";"300";"217";"65594";"13634";"2954";"6320";"8027";"-";"805";"-";"10278";"-";"-";"21209";"1658";"-";"709";"-";"-";"-";"-";"-";"-";"-";"-";"-";"74907";"65803";"500";"239";"65064";"16727";"2711";"5336";"3669";"1131";"-";"-";"9070";"2150";"-";"23048";"-";"418";"785";"-";"19";"-";"-";"-";"-";"-";"-";"-";"76204,61";"64635,35";"362,47";"196,08";"64076,80";"13886,29";"4904,78";"5895,73";"3695,33";"684,08";"1740,49";"-";"9680,76";"-";"167";"22228,10";"-";"-";"1173,24";"-";"21";"-";"-";"-";"-";"-";"-";"-";"82047";"69972";"624";"188";"69160";"16266";"5696";"4032";"4096";"2067";"1875";"1760";"8681";"-";"-";"18841";"-";"-";"2874";"1395";"33";"-";"-";"1016";"528";"-";"-";"-"
"657008";"657";"63143";"55343";"442";"153";"54748";"11333";"1561";"1927";"1676";"-";"1988";"3848";"12377";"-";"-";"16809";"-";"-";"2109";"1103";"17";"-";"-";"-";"-";"-";"-";"-";"62291";"55290";"330";"154";"54806";"10886";"3901";"2446";"3488";"-";"1507";"2715";"6672";"-";"-";"21658";"-";"-";"1510";"-";"15";"8";"-";"-";"-";"-";"-";"-";"61346";"53919";"233";"113";"53573";"10374";"2208";"3843";"3855";"-";"2217";"-";"7163";"-";"-";"22631";"922";"-";"338";"-";"22";"-";"-";"-";"-";"-";"-";"-";"60661";"53965";"358";"120";"53487";"13019";"1829";"3330";"1698";"676";"-";"-";"6349";"3377";"-";"22549";"-";"323";"337";"-";"-";"-";"-";"-";"-";"-";"-";"-";"60898";"52583";"263";"151";"52169";"9687";"3603";"3682";"1853";"467";"3135";"-";"6929";"-";"105";"22032";"-";"-";"655";"-";"21";"-";"-";"-";"-";"-";"-";"-";"64350";"55368";"415";"93";"54860";"11713";"3127";"4619";"2753";"1003";"3805";"1637";"4409";"-";"-";"18266";"-";"-";"1521";"827";"-";"-";"-";"845";"335";"-";"-";"-"
"661006";"661";"42640";"37174";"349";"98";"36727";"10762";"1017";"1281";"1296";"-";"720";"2107";"7563";"-";"-";"9642";"-";"-";"1496";"799";"44";"-";"-";"-";"-";"-";"-";"-";"42174";"37398";"249";"99";"37050";"8977";"2516";"1405";"3250";"-";"2510";"1975";"4105";"-";"-";"10991";"-";"-";"1302";"-";"16";"3";"-";"-";"-";"-";"-";"-";"42029";"36762";"161";"59";"36542";"8906";"1390";"1992";"3749";"-";"972";"-";"4122";"-";"-";"14553";"565";"-";"284";"-";"9";"-";"-";"-";"-";"-";"-";"-";"41640";"36860";"269";"76";"36515";"9623";"1620";"1994";"1731";"465";"-";"-";"3973";"1547";"-";"15044";"-";"233";"285";"-";"-";"-";"-";"-";"-";"-";"-";"-";"41673";"35720";"210";"58";"35452";"8169";"2445";"1961";"1779";"332";"1295";"-";"3925";"-";"38";"14977";"-";"-";"526";"-";"5";"-";"-";"-";"-";"-";"-";"-";"43102";"37040";"262";"74";"36704";"10196";"1836";"2427";"2447";"563";"1623";"907";"2945";"-";"-";"11251";"-";"-";"1259";"512";"-";"-";"-";"541";"197";"-";"-";"-"
"665008";"665";"15664";"13654";"89";"47";"13518";"3173";"288";"733";"600";"-";"278";"575";"2889";"-";"-";"4247";"-";"-";"434";"297";"4";"-";"-";"-";"-";"-";"-";"-";"16119";"14131";"82";"46";"14003";"2833";"883";"434";"1548";"-";"961";"695";"1893";"-";"-";"4365";"-";"-";"389";"-";"1";"1";"-";"-";"-";"-";"-";"-";"16394";"14275";"61";"33";"14181";"2735";"504";"895";"1866";"-";"386";"-";"1875";"-";"-";"5621";"204";"-";"90";"-";"5";"-";"-";"-";"-";"-";"-";"-";"17410";"15146";"122";"40";"14984";"3267";"555";"866";"1166";"189";"-";"-";"1711";"889";"-";"6160";"-";"89";"92";"-";"-";"-";"-";"-";"-";"-";"-";"-";"16803";"14234";"74";"32";"14128";"2652";"847";"972";"1289";"119";"671";"-";"1756";"-";"12";"5622";"-";"-";"184";"-";"4";"-";"-";"-";"-";"-";"-";"-";"15266";"12949";"84";"47";"12818";"2978";"609";"1212";"745";"196";"623";"205";"1108";"-";"-";"4404";"-";"-";"315";"147";"-";"-";"-";"213";"63";"-";"-";"-"
"671006";"671";"16111";"14046";"121";"31";"13894";"3974";"283";"584";"618";"-";"177";"609";"3020";"-";"-";"3631";"-";"-";"670";"321";"7";"-";"-";"-";"-";"-";"-";"-";"16478";"14673";"85";"39";"14549";"4125";"887";"500";"1427";"-";"804";"611";"1643";"-";"-";"4105";"-";"-";"444";"-";"3";"0";"-";"-";"-";"-";"-";"-";"16776";"14700";"66";"33";"14601";"3709";"465";"989";"1868";"-";"292";"-";"1701";"-";"-";"5221";"253";"-";"100";"-";"3";"-";"-";"-";"-";"-";"-";"-";"17086";"15121";"96";"30";"14995";"4508";"457";"1084";"903";"191";"-";"-";"1594";"583";"-";"5383";"-";"164";"128";"-";"-";"-";"-";"-";"-";"-";"-";"-";"16873";"14583";"96";"35";"14452";"3746";"814";"1040";"992";"124";"449";"-";"1690";"-";"19";"5362";"-";"-";"214";"-";"2";"-";"-";"-";"-";"-";"-";"-";"15979";"13541";"99";"42";"13400";"4040";"589";"953";"831";"228";"546";"266";"1132";"-";"-";"3926";"-";"-";"418";"181";"-";"-";"-";"210";"80";"-";"-";"-"
"706006";"706";"31459";"27248";"197";"72";"26979";"6808";"830";"709";"1652";"-";"107";"1853";"6275";"-";"-";"5567";"-";"-";"1516";"1637";"3";"17";"5";"-";"-";"-";"-";"-";"31275";"27500";"150";"81";"27269";"7223";"2385";"1004";"2292";"-";"100";"1085";"3416";"-";"-";"8337";"-";"-";"1419";"-";"4";"4";"-";"-";"-";"-";"-";"-";"30633";"26545";"131";"60";"26354";"6689";"1118";"2321";"3129";"-";"132";"-";"3879";"-";"-";"8052";"672";"-";"357";"-";"5";"-";"-";"-";"-";"-";"-";"-";"29414";"25888";"227";"87";"25574";"7369";"1036";"2047";"1402";"439";"-";"-";"3062";"586";"-";"8972";"-";"173";"474";"-";"14";"-";"-";"-";"-";"-";"-";"-";"29869";"25733";"129";"71";"25533";"6860";"1808";"2267";"1377";"204";"324";"-";"3292";"-";"72";"8586";"-";"-";"742";"-";"1";"-";"-";"-";"-";"-";"-";"-";"32440";"27442";"207";"69";"27166";"7390";"1819";"1445";"2063";"573";"429";"544";"2626";"-";"-";"7053";"-";"-";"1637";"878";"23";"4";"-";"433";"249";"-";"-";"-"
"707004";"707";"29325";"24480";"210";"75";"24195";"7127";"428";"469";"867";"-";"132";"1186";"6474";"-";"-";"5099";"-";"-";"1470";"921";"1";"18";"3";"-";"-";"-";"-";"-";"28979";"24595";"179";"69";"24347";"7740";"1462";"663";"1739";"-";"150";"951";"3359";"-";"-";"7157";"-";"-";"1121";"-";"0";"5";"-";"-";"-";"-";"-";"-";"29064";"24233";"106";"37";"24090";"7081";"745";"1704";"2385";"-";"146";"-";"3838";"-";"-";"7489";"402";"-";"293";"-";"7";"-";"-";"-";"-";"-";"-";"-";"28923";"24805";"213";"47";"24545";"8095";"791";"1646";"1003";"290";"-";"-";"3247";"525";"-";"8275";"-";"208";"428";"-";"37";"-";"-";"-";"-";"-";"-";"-";"28879";"23838";"154";"53";"23631";"7624";"1203";"1666";"962";"150";"316";"-";"3269";"-";"65";"7836";"-";"-";"533";"-";"7";"-";"-";"-";"-";"-";"-";"-";"28798";"23171";"203";"45";"22923";"7496";"811";"807";"1567";"581";"402";"826";"2587";"-";"-";"5647";"-";"-";"1107";"410";"18";"0";"-";"471";"193";"-";"-";"-"
"710005";"710";"33970";"30220";"278";"79";"29863";"8185";"1270";"953";"1100";"-";"217";"2026";"6696";"-";"-";"6770";"-";"-";"1479";"1140";"3";"16";"8";"-";"-";"-";"-";"-";"33558";"30204";"180";"67";"29957";"7972";"2578";"1303";"2166";"-";"163";"1301";"3512";"-";"-";"9814";"-";"-";"1140";"-";"1";"7";"-";"-";"-";"-";"-";"-";"32493";"28655";"145";"44";"28466";"7343";"1428";"2634";"2674";"-";"178";"-";"3708";"-";"-";"9406";"796";"-";"294";"-";"5";"-";"-";"-";"-";"-";"-";"-";"30860,33";"27827,18";"246,01";"59";"27522,17";"8047,46";"1188,04";"2147,06";"1166,07";"489,02";"-";"-";"3182,12";"613,02";"-";"10079,36";"-";"161,01";"435,02";"-";"14";"-";"-";"-";"-";"-";"-";"-";"31050,91";"27180,77";"175,23";"47,32";"26958,23";"6985,14";"2109,95";"2554,59";"1125,59";"257,55";"443,18";"-";"3262,91";"-";"49,64";"9553,36";"-";"-";"612";"-";"4,32";"-";"-";"-";"-";"-";"-";"-";"34436";"30174";"258";"44";"29872";"8400";"2100";"2087";"1852";"619";"569";"645";"2748";"-";"-";"8199";"-";"-";"1302";"630";"31";"4";"-";"493";"193";"-";"-";"-"
"727007";"727";"16279";"14494";"112";"25";"14357";"4297";"531";"411";"575";"-";"90";"936";"2505";"-";"-";"3237";"-";"-";"841";"920";"0";"11";"3";"-";"-";"-";"-";"-";"16050";"14458";"64";"22";"14372";"3936";"1328";"587";"1410";"-";"67";"559";"1398";"-";"-";"4310";"-";"-";"773";"-";"2";"2";"-";"-";"-";"-";"-";"-";"15692";"14083";"55";"16";"14012";"3953";"708";"1269";"1802";"-";"76";"-";"1476";"-";"-";"4128";"380";"-";"216";"-";"4";"-";"-";"-";"-";"-";"-";"-";"15100";"13419";"120";"34";"13265";"4083";"605";"1074";"854";"248";"-";"-";"1155";"294";"-";"4595";"-";"74";"278";"-";"5";"-";"-";"-";"-";"-";"-";"-";"15508";"13645";"76";"16";"13553";"3961";"1088";"1280";"771";"134";"202";"-";"1347";"-";"38";"4314";"-";"-";"415";"-";"3";"-";"-";"-";"-";"-";"-";"-";"16785";"14796";"113";"18";"14665";"3961";"1120";"1186";"1236";"267";"265";"240";"1111";"-";"-";"3604";"-";"-";"944";"423";"16";"1";"-";"194";"97";"-";"-";"-"
"730037";"730";"72749";"61241";"512";"175";"60554";"19028";"1533";"1482";"1861";"-";"610";"3855";"14226";"-";"-";"12035";"-";"-";"3981";"1834";"7";"92";"10";"-";"-";"-";"-";"-";"71837";"62037";"358";"183";"61496";"21047";"3779";"1811";"4513";"-";"421";"2277";"7365";"-";"-";"17623";"-";"-";"2650";"-";"5";"5";"-";"-";"-";"-";"-";"-";"70426";"59948";"256";"122";"59570";"19522";"1890";"4376";"5677";"-";"526";"-";"8702";"-";"-";"17194";"1115";"-";"558";"-";"10";"-";"-";"-";"-";"-";"-";"-";"69598,67";"60204,82";"424,99";"173";"59606,83";"21161,54";"2078,96";"4536,94";"2632,93";"748,98";"-";"-";"7734,88";"1507,98";"-";"17852,64";"-";"388,99";"927,98";"-";"35";"-";"-";"-";"-";"-";"-";"-";"69913,09";"58414,23";"302,77";"95,68";"58015,77";"19815,86";"3138,05";"4754,41";"2453,41";"426,45";"1053,82";"-";"7781,09";"-";"119,36";"17146,64";"-";"-";"1317";"-";"9,68";"-";"-";"-";"-";"-";"-";"-";"73385";"60239";"486";"132";"59621";"19417";"3137";"2632";"3882";"1261";"1314";"1222";"5798";"-";"-";"15374";"-";"-";"2956";"1073";"42";"4";"-";"1110";"399";"-";"-";"-"
"740017";"740";"65859";"57892";"458";"160";"57274";"14662";"2150";"2554";"2428";"-";"797";"4355";"11166";"-";"-";"13085";"-";"-";"3439";"2629";"9";"-";"-";"-";"-";"-";"-";"-";"64922";"58050";"353";"158";"57539";"14076";"5144";"2581";"5040";"-";"677";"3246";"6339";"-";"-";"17495";"-";"-";"2921";"-";"18";"2";"-";"-";"-";"-";"-";"-";"63739";"56303";"268";"122";"55913";"14413";"2356";"6171";"6109";"-";"870";"-";"6852";"-";"-";"16342";"1998";"-";"797";"-";"5";"-";"-";"-";"-";"-";"-";"-";"60512";"53676";"398";"104";"53174";"14767";"2240";"4376";"2784";"901";"-";"-";"5609";"1844";"-";"19254";"-";"357";"1028";"-";"14";"-";"-";"-";"-";"-";"-";"-";"61858";"53618";"313";"91";"53214";"12994";"4080";"5316";"2856";"496";"1423";"-";"6386";"-";"104";"18051";"-";"-";"1504";"-";"4";"-";"-";"-";"-";"-";"-";"-";"68419";"59386";"461";"140";"58785";"14665";"4108";"5309";"4428";"1052";"1841";"1439";"4507";"-";"-";"15334";"-";"-";"3108";"1645";"-";"-";"-";"900";"449";"-";"-";"-"
"741001";"741";"2928";"2491";"14";"7";"2470";"692";"57";"108";"115";"-";"7";"125";"446";"-";"-";"532";"-";"-";"203";"185";"0";"0";"0";"-";"-";"-";"-";"-";"3069";"2683";"20";"11";"2652";"611";"201";"140";"370";"-";"5";"80";"265";"-";"-";"740";"-";"-";"240";"-";"0";"0";"-";"-";"-";"-";"-";"-";"3182";"2718";"12";"3";"2703";"675";"130";"224";"391";"-";"14";"-";"327";"-";"-";"790";"72";"-";"79";"-";"1";"-";"-";"-";"-";"-";"-";"-";"3332";"2883";"41";"8";"2834";"871";"121";"262";"184";"42";"-";"-";"282";"33";"-";"940";"-";"16";"83";"-";"0";"-";"-";"-";"-";"-";"-";"-";"3231";"2680";"11";"10";"2659";"699";"217";"231";"135";"28";"21";"-";"312";"-";"10";"855";"-";"-";"151";"-";"0";"-";"-";"-";"-";"-";"-";"-";"2914";"2483";"34";"8";"2441";"638";"124";"170";"216";"34";"46";"52";"196";"-";"-";"586";"-";"-";"230";"98";"0";"1";"-";"30";"20";"-";"-";"-"
"746009";"746";"42072";"37898";"301";"68";"37529";"10262";"1849";"1144";"1517";"-";"231";"3188";"7126";"-";"-";"7889";"-";"-";"2089";"2179";"5";"38";"12";"-";"-";"-";"-";"-";"41123";"37290";"179";"73";"37038";"9428";"3772";"1473";"3116";"-";"137";"1880";"3758";"-";"-";"11653";"-";"-";"1812";"-";"2";"7";"-";"-";"-";"-";"-";"-";"39653";"35739";"144";"46";"35549";"9200";"1819";"3335";"4088";"-";"185";"-";"4145";"-";"-";"11046";"1194";"-";"531";"-";"6";"-";"-";"-";"-";"-";"-";"-";"37370,53";"33737,27";"228";"70,44";"33438,83";"9717,65";"1463,42";"2489,53";"1838,29";"581,88";"-";"-";"3458,27";"696,54";"-";"12303,48";"-";"167,55";"702,22";"-";"20";"-";"-";"-";"-";"-";"-";"-";"38736,98";"34056,23";"190,98";"68";"33797,25";"8842,69";"2809,84";"3325,87";"1749,88";"308,98";"493,95";"-";"3725,77";"-";"86,00";"11468,34";"-";"-";"977,93";"-";"8";"-";"-";"-";"-";"-";"-";"-";"44202";"39531";"282";"66";"39183";"10121";"3623";"2498";"3161";"783";"702";"1000";"3129";"-";"-";"10010";"-";"-";"2060";"1291";"40";"3";"-";"464";"298";"-";"-";"-"
"751044";"751";"241148";"209229";"1937";"606";"206686";"55622";"14829";"6266";"10778";"-";"2230";"19421";"26073";"-";"-";"32627";"-";"-";"19821";"18288";"29";"648";"54";"-";"-";"-";"-";"-";"231214";"205712";"1247";"563";"203902";"53536";"28770";"8292";"21393";"-";"1319";"10668";"15714";"-";"-";"46122";"-";"-";"17945";"-";"86";"57";"-";"-";"-";"-";"-";"-";"220942";"194212";"864";"375";"192973";"53603";"14427";"17763";"33454";"-";"1761";"-";"18139";"-";"-";"40433";"6532";"-";"6816";"-";"45";"-";"-";"-";"-";"-";"-";"-";"216340";"190293";"1047";"290";"188956";"61909";"13515";"14932";"14770";"4119";"-";"-";"17048";"4680";"-";"50366";"-";"798";"6758";"-";"61";"-";"-";"-";"-";"-";"-";"-";"219811";"188996";"1052";"298";"187646";"54938";"24359";"19155";"14099";"2097";"3379";"-";"17240";"-";"701";"42617";"-";"-";"9012";"-";"49";"-";"-";"-";"-";"-";"-";"-";"253808";"220899";"1676";"546";"218677";"49167";"31591";"12829";"22019";"3731";"4610";"7275";"10525";"-";"-";"40424";"-";"-";"21448";"10664";"248";"32";"-";"2566";"1548";"-";"-";"-"
"756002";"756";"29178";"25281";"209";"70";"25002";"5403";"515";"852";"600";"-";"518";"1359";"6871";"-";"-";"7438";"-";"-";"930";"505";"11";"-";"-";"-";"-";"-";"-";"-";"29073";"25560";"187";"76";"25297";"5463";"1525";"1199";"1510";"-";"437";"1175";"4072";"-";"-";"9213";"-";"-";"687";"-";"13";"3";"-";"-";"-";"-";"-";"-";"28748";"24982";"151";"55";"24776";"4943";"756";"2082";"1739";"-";"934";"-";"4292";"-";"-";"9459";"420";"-";"142";"-";"9";"-";"-";"-";"-";"-";"-";"-";"28363";"25021";"199";"65";"24757";"5872";"713";"1557";"682";"327";"-";"-";"3693";"1373";"-";"10186";"-";"169";"184";"-";"1";"-";"-";"-";"-";"-";"-";"-";"28469";"24098";"154";"49";"23895";"4787";"1237";"1913";"748";"210";"1238";"-";"3935";"-";"49";"9499";"-";"-";"272";"-";"7";"-";"-";"-";"-";"-";"-";"-";"29300";"24738";"215";"87";"24436";"5428";"945";"1683";"1099";"502";"1045";"543";"3015";"-";"-";"8560";"-";"-";"665";"336";"-";"-";"-";"450";"165";"-";"-";"-"
"760019";"760";"41433";"35919";"259";"92";"35568";"6830";"681";"1085";"1006";"-";"2309";"1628";"7985";"-";"-";"12330";"-";"-";"1118";"596";"0";"-";"-";"-";"-";"-";"-";"-";"41797";"37003";"231";"66";"36706";"6406";"2081";"1226";"2622";"-";"1883";"1592";"4900";"-";"-";"15143";"-";"-";"837";"-";"13";"3";"-";"-";"-";"-";"-";"-";"42002";"36633";"182";"56";"36395";"6254";"1222";"2789";"2858";"-";"2363";"-";"4939";"-";"-";"15089";"683";"-";"190";"-";"8";"-";"-";"-";"-";"-";"-";"-";"42080";"37335";"291";"79";"36965";"7619";"1015";"2254";"1189";"423";"-";"-";"3867";"3332";"-";"16767";"-";"272";"227";"-";"-";"-";"-";"-";"-";"-";"-";"-";"41795";"36066,00";"225";"64";"35777,00";"6278";"1783";"2621";"1264";"275";"3222";"-";"4443";"-";"42";"15406";"-";"-";"438";"-";"5";"-";"-";"-";"-";"-";"-";"-";"40918";"34644";"236";"66";"34342";"6668";"1207";"2063";"1586";"536";"5624";"619";"3383";"-";"-";"10858";"-";"-";"758";"396";"-";"-";"-";"477";"167";"-";"-";"-"
"766016";"766";"33766";"29829";"252";"94";"29483";"6399";"741";"655";"721";"-";"694";"2413";"8922";"-";"-";"7138";"-";"-";"1106";"664";"2";"26";"2";"-";"-";"-";"-";"-";"33357";"29879";"232";"85";"29562";"6250";"1833";"985";"1844";"-";"476";"1609";"4636";"-";"-";"11063";"-";"-";"863";"-";"1";"2";"-";"-";"-";"-";"-";"-";"32796";"28999";"171";"53";"28775";"5756";"868";"2311";"2360";"-";"531";"-";"4757";"-";"-";"11382";"621";"-";"186";"-";"3";"-";"-";"-";"-";"-";"-";"-";"31348";"28121";"255";"89";"27777";"6557";"956";"1983";"1076";"369";"-";"-";"3934";"1181";"-";"11285";"-";"159";"260";"-";"17";"-";"-";"-";"-";"-";"-";"-";"31689";"27529";"173";"47";"27309";"5342";"1496";"2083";"1205";"249";"988";"-";"4307";"-";"47";"11135";"-";"-";"448";"-";"9";"-";"-";"-";"-";"-";"-";"-";"34129";"29358";"282";"77";"28999";"6917";"1205";"1569";"1258";"695";"1390";"706";"4127";"-";"-";"9024";"-";"-";"905";"373";"18";"2";"-";"575";"235";"-";"-";"-"
"773005";"773";"16044";"13702";"82";"42";"13578";"4681";"233";"214";"265";"-";"97";"585";"2992";"-";"-";"3624";"-";"-";"637";"249";"1";"-";"-";"-";"-";"-";"-";"-";"16392";"14285";"92";"38";"14155";"4850";"766";"499";"937";"-";"125";"581";"1749";"-";"-";"4127";"-";"-";"517";"-";"4";"-";"-";"-";"-";"-";"-";"-";"16795";"14351";"82";"36";"14233";"4167";"591";"1436";"1295";"-";"135";"-";"1997";"-";"-";"4299";"200";"-";"108";"-";"3";"2";"-";"-";"-";"-";"-";"-";"17369";"15079";"129";"51";"14899";"5105";"459";"864";"515";"165";"-";"-";"1504";"380";"-";"4878";"-";"878";"151";"-";"-";"-";"-";"-";"-";"-";"-";"-";"17034";"14348";"98";"22";"14228";"4302";"839";"908";"614";"105";"290";"-";"1834";"-";"24";"5086";"-";"-";"226";"-";"-";"-";"-";"-";"-";"-";"-";"-";"15722";"13127";"82";"27";"13018";"4938";"382";"494";"460";"176";"213";"139";"1252";"-";"-";"4084";"-";"-";"425";"152";"-";"-";"-";"215";"88";"-";"-";"-"
"779019";"779";"35619";"30437";"281";"64";"30092";"9164";"922";"893";"864";"-";"242";"1472";"6245";"-";"-";"8106";"-";"-";"1531";"644";"9";"-";"-";"-";"-";"-";"-";"-";"36009";"31480";"250";"73";"31157";"9064";"2281";"803";"2696";"-";"259";"1322";"3856";"-";"-";"9701";"-";"-";"1168";"-";"7";"0";"-";"-";"-";"-";"-";"-";"36155";"31143";"163";"69";"30911";"8721";"1431";"1660";"3120";"-";"311";"-";"4078";"-";"-";"10883";"443";"-";"262";"-";"2";"-";"-";"-";"-";"-";"-";"-";"36422";"31994";"306";"132";"31556";"10118";"1708";"2499";"1444";"339";"-";"-";"3878";"716";"-";"10299";"-";"274";"281";"-";"-";"-";"-";"-";"-";"-";"-";"-";"36142";"30682";"182";"70";"30430";"8668";"2214";"2065";"1659";"222";"447";"-";"3816";"-";"38";"10905";"-";"-";"396";"-";"-";"-";"-";"-";"-";"-";"-";"-";"35316";"29743";"253";"65";"29425";"8879";"1826";"1728";"1681";"533";"508";"442";"2261";"-";"-";"9555";"-";"-";"971";"328";"-";"-";"-";"565";"148";"-";"-";"-"
"787004";"787";"32964";"28388";"190";"87";"28111";"8629";"525";"789";"568";"-";"398";"1181";"6069";"-";"-";"7879";"-";"-";"1388";"682";"3";"-";"-";"-";"-";"-";"-";"-";"33474";"29169";"179";"81";"28909";"8453";"1688";"1492";"1767";"-";"448";"867";"4090";"-";"-";"9031";"-";"-";"1065";"-";"8";"-";"-";"-";"-";"-";"-";"-";"33859";"29252";"132";"75";"29045";"7385";"1074";"3320";"2692";"-";"563";"-";"4143";"-";"-";"9123";"448";"-";"293";"-";"4";"0";"-";"-";"-";"-";"-";"-";"34629";"30066";"217";"84";"29765";"8582";"932";"2585";"1238";"332";"-";"-";"3524";"1306";"-";"10289";"-";"560";"417";"-";"-";"-";"-";"-";"-";"-";"-";"-";"34162";"28924";"146";"60";"28718";"7789";"1553";"2280";"1350";"206";"991";"-";"3766";"-";"45";"10235";"-";"-";"503";"-";"-";"-";"-";"-";"-";"-";"-";"-";"32475";"27404";"153";"57";"27194";"9272";"984";"1696";"1061";"424";"677";"393";"2783";"-";"-";"7830";"-";"-";"1042";"466";"-";"-";"-";"384";"182";"-";"-";"-"
"791016";"791";"69984";"60304";"467";"203";"59634";"14821";"1766";"6019";"2632";"-";"617";"3424";"11541";"-";"-";"14249";"-";"-";"2804";"1748";"13";"-";"-";"-";"-";"-";"-";"-";"68885";"60521";"422";"201";"59898";"14378";"4872";"2083";"5238";"-";"626";"2730";"6898";"-";"-";"20772";"-";"-";"2247";"-";"50";"4";"-";"-";"-";"-";"-";"-";"67898";"58892";"305";"156";"58431";"14609";"2444";"4496";"5478";"-";"855";"-";"7335";"-";"-";"21493";"1237";"-";"474";"-";"10";"-";"-";"-";"-";"-";"-";"-";"65476,09";"57798,59";"492,50";"181,60";"57124,48";"16084,81";"2296,10";"4043,52";"2139,61";"753,31";"-";"-";"6151,04";"1570,32";"-";"23077,66";"-";"396,80";"611,30";"-";"-";"-";"-";"-";"-";"-";"-";"-";"66240";"56471";"357";"144";"55970";"14403";"3544";"4502";"2565";"465";"1216";"-";"6530";"-";"78";"21863";"-";"-";"804";"-";"-";"-";"-";"-";"-";"-";"-";"-";"70717";"59919";"476";"207";"59236";"14983";"2969";"9940";"4581";"851";"1401";"1148";"4469";"-";"-";"14505";"-";"-";"2076";"1131";"-";"-";"-";"856";"326";"-";"-";"-"
"810070";"810";"26719";"22883";"233";"45";"22605";"6692";"550";"685";"870";"-";"228";"1145";"5129";"-";"-";"5536";"-";"-";"1283";"481";"6";"-";"-";"-";"-";"-";"-";"-";"26716";"23457";"143";"56";"23258";"7184";"1467";"1358";"1921";"-";"208";"943";"2714";"-";"-";"6607";"-";"-";"846";"-";"10";"-";"-";"-";"-";"-";"-";"-";"26595";"22911";"116";"38";"22757";"6793";"710";"2841";"2060";"-";"263";"-";"3087";"-";"-";"6451";"370";"-";"178";"-";"2";"2";"-";"-";"-";"-";"-";"-";"26629";"23269";"183";"50";"23036";"6998";"820";"2642";"1008";"323";"-";"-";"2417";"701";"-";"7587";"-";"210";"330";"-";"-";"-";"-";"-";"-";"-";"-";"-";"26542";"22521";"136";"38";"22347";"6926";"1379";"2710";"869";"141";"512";"-";"2748";"-";"43";"6646";"-";"-";"351";"-";"1";"19";"2";"-";"-";"-";"-";"-";"26974";"22597";"185";"45";"22367";"7910";"850";"1047";"1041";"431";"347";"378";"2464";"-";"-";"6254";"-";"-";"717";"308";"-";"-";"-";"419";"201";"-";"-";"-"
"813010";"813";"46797";"39304";"255";"111";"38938";"12460";"776";"806";"1041";"-";"343";"1746";"10409";"-";"-";"8590";"-";"-";"2066";"694";"7";"-";"-";"-";"-";"-";"-";"-";"47593";"40721";"168";"150";"40403";"13692";"1891";"1827";"3134";"-";"301";"1366";"5613";"-";"-";"11178";"-";"-";"1393";"-";"8";"-";"-";"-";"-";"-";"-";"-";"48208";"40338";"144";"102";"40092";"12822";"1079";"4621";"3273";"-";"376";"-";"6663";"-";"-";"10441";"542";"-";"269";"-";"4";"2";"-";"-";"-";"-";"-";"-";"49539";"41776";"271";"121";"41384";"13214";"1218";"5063";"1579";"686";"-";"-";"5276";"1313";"-";"12094";"-";"294";"647";"-";"-";"-";"-";"-";"-";"-";"-";"-";"48687";"39720";"168";"71";"39481";"12657";"2239";"4996";"1249";"350";"867";"-";"5782";"-";"63";"10582";"-";"-";"675";"-";"2";"9";"10";"-";"-";"-";"-";"-";"46217";"37741";"254";"210";"37277";"14268";"1065";"1734";"1425";"1017";"661";"454";"4513";"-";"-";"9439";"-";"-";"1181";"442";"-";"-";"-";"794";"284";"-";"-";"-"
"820008";"820";"27703";"23101";"177";"58";"22866";"5638";"473";"950";"667";"-";"179";"1149";"6287";"-";"-";"6169";"-";"-";"936";"413";"5";"-";"-";"-";"-";"-";"-";"-";"27979";"23814";"154";"59";"23601";"5390";"1355";"1382";"2563";"-";"220";"917";"3222";"-";"-";"7921";"-";"-";"624";"-";"7";"-";"-";"-";"-";"-";"-";"-";"28299";"23741";"88";"81";"23572";"4936";"671";"4544";"2388";"-";"277";"-";"3260";"-";"-";"6955";"387";"-";"152";"-";"2";"0";"-";"-";"-";"-";"-";"-";"28693,23";"24589,33";"262,45";"90,40";"24236,49";"6014,14";"893,74";"1899,19";"807,29";"312,63";"-";"-";"2665,31";"730,45";"-";"10416,93";"-";"183,14";"313,66";"-";"-";"-";"-";"-";"-";"-";"-";"-";"28191";"23266";"128";"63";"23075";"5401";"1381";"2053";"766";"204";"550";"-";"2914";"-";"43";"9441";"-";"-";"314";"-";"3";"5";"0";"-";"-";"-";"-";"-";"27403";"22189";"156";"45";"21988";"6144";"725";"1300";"1628";"532";"336";"243";"2578";"-";"-";"7156";"-";"-";"545";"214";"-";"-";"-";"431";"156";"-";"-";"-"
"825015";"825";"1490";"1257";"6";"4";"1247";"350";"25";"17";"27";"-";"19";"42";"368";"-";"-";"297";"-";"-";"67";"35";"0";"-";"-";"-";"-";"-";"-";"-";"1574";"1353";"3";"5";"1345";"377";"79";"49";"93";"-";"9";"37";"256";"-";"-";"382";"-";"-";"63";"-";"0";"-";"-";"-";"-";"-";"-";"-";"1606";"1383";"2";"4";"1377";"371";"46";"110";"109";"-";"28";"-";"263";"-";"-";"405";"26";"-";"19";"-";"0";"0";"-";"-";"-";"-";"-";"-";"1759";"1518";"13";"12";"1493";"387";"59";"129";"59";"21";"-";"-";"207";"65";"-";"536";"-";"7";"23";"-";"-";"-";"-";"-";"-";"-";"-";"-";"1699";"1379";"6";"3";"1370";"346";"70";"107";"52";"11";"52";"-";"242";"-";"2";"460";"-";"-";"28";"-";"0";"0";"0";"-";"-";"-";"-";"-";"1494";"1229";"7";"1";"1221";"353";"36";"77";"45";"19";"25";"10";"228";"-";"-";"316";"-";"-";"70";"15";"-";"-";"-";"18";"9";"-";"-";"-"
"840010";"840";"21190";"18672";"146";"45";"18481";"5172";"730";"477";"531";"-";"124";"1247";"4122";"-";"-";"4661";"-";"-";"897";"515";"5";"-";"-";"-";"-";"-";"-";"-";"20995";"18654";"97";"41";"18516";"5138";"1438";"1037";"1469";"-";"129";"916";"2120";"-";"-";"5595";"-";"-";"668";"-";"6";"-";"-";"-";"-";"-";"-";"-";"20815";"18249";"76";"37";"18136";"4754";"842";"2435";"1573";"-";"172";"-";"2307";"-";"-";"5395";"439";"-";"211";"-";"5";"3";"-";"-";"-";"-";"-";"-";"20523";"18119";"136";"45";"17938";"5121";"758";"1349";"678";"297";"-";"-";"1811";"421";"-";"7039";"-";"80";"384";"-";"-";"-";"-";"-";"-";"-";"-";"-";"20693";"17825";"88";"28";"17709";"4744";"1334";"1762";"678";"148";"313";"-";"2027";"-";"36";"6288";"-";"-";"373";"-";"2";"2";"2";"-";"-";"-";"-";"-";"21692";"18789";"133";"37";"18619";"5842";"1120";"899";"960";"339";"261";"361";"1710";"-";"-";"5674";"-";"-";"672";"384";"-";"-";"-";"246";"151";"-";"-";"-"
"846008";"846";"31709";"26694";"244";"42";"26408";"7757";"761";"589";"805";"-";"195";"1504";"6479";"-";"-";"6160";"-";"-";"1427";"714";"17";"-";"-";"-";"-";"-";"-";"-";"31830";"27255";"200";"52";"27003";"8227";"1715";"1311";"1964";"-";"233";"1189";"3522";"-";"-";"7856";"-";"-";"979";"-";"7";"-";"-";"-";"-";"-";"-";"-";"31653";"27041";"115";"61";"26865";"7478";"974";"3429";"2540";"-";"254";"-";"3798";"-";"-";"7647";"516";"-";"222";"-";"5";"2";"-";"-";"-";"-";"-";"-";"30924,68";"26809,08";"210,05";"74";"26525,03";"8855,04";"895,15";"1880,29";"901,10";"329,06";"-";"-";"2915,65";"616,23";"-";"9581,41";"-";"175,06";"373,04";"-";"3";"-";"-";"-";"-";"-";"-";"-";"31033";"25916";"140";"53";"25723";"7947";"1664";"2537";"906";"211";"483";"-";"3169";"-";"54";"8335";"-";"-";"412";"-";"3";"1";"1";"-";"-";"-";"-";"-";"31745";"26166";"207";"47";"25912";"8795";"1270";"1384";"1170";"483";"369";"494";"2787";"-";"-";"7202";"-";"-";"968";"376";"-";"-";"-";"407";"207";"-";"-";"-"
"849015";"849";"29126";"24924";"169";"39";"24716";"7659";"494";"474";"643";"-";"195";"1240";"6140";"-";"-";"6240";"-";"-";"1059";"567";"5";"-";"-";"-";"-";"-";"-";"-";"29119";"25340";"151";"63";"25126";"8053";"1394";"1277";"2017";"-";"232";"895";"3337";"-";"-";"7100";"-";"-";"812";"-";"9";"-";"-";"-";"-";"-";"-";"-";"29076";"24882";"105";"54";"24723";"7341";"733";"3073";"2213";"-";"360";"-";"3631";"-";"-";"6847";"359";"-";"162";"-";"4";"0";"-";"-";"-";"-";"-";"-";"29142";"25261";"247";"74";"24940";"7758";"1047";"2202";"907";"327";"-";"-";"2661";"822";"-";"8674";"-";"189";"353";"-";"-";"-";"-";"-";"-";"-";"-";"-";"29001";"24499";"138";"40";"24321";"7378";"1573";"2445";"799";"202";"686";"-";"3049";"-";"36";"7768";"-";"-";"375";"-";"2";"7";"1";"-";"-";"-";"-";"-";"29127";"24203";"163";"53";"23987";"8391";"815";"1020";"997";"686";"391";"408";"2689";"-";"-";"7001";"-";"-";"653";"357";"-";"-";"-";"380";"199";"-";"-";"-"
"851038";"851";"157433";"132941";"1292";"430";"131219";"40383";"5702";"2938";"5172";"-";"1168";"10034";"23294";"-";"-";"27002";"-";"-";"10470";"5022";"34";"-";"-";"-";"-";"-";"-";"-";"151407";"131201";"751";"311";"130139";"40358";"11258";"6893";"12910";"-";"845";"5906";"13549";"-";"-";"30368";"-";"-";"7993";"-";"59";"-";"-";"-";"-";"-";"-";"-";"148334";"126735";"577";"278";"125880";"40585";"6090";"16842";"15652";"-";"975";"-";"15502";"-";"-";"25454";"2615";"-";"2116";"-";"38";"11";"-";"-";"-";"-";"-";"-";"146406";"125016";"883";"264";"123869";"41567";"6227";"11082";"7362";"2479";"-";"-";"13698";"2911";"-";"34634";"-";"574";"3335";"-";"-";"-";"-";"-";"-";"-";"-";"-";"146871";"123425";"645";"221";"122559";"40536";"11356";"13690";"6574";"1243";"2053";"-";"13774";"-";"310";"29356";"-";"-";"3610";"-";"37";"11";"9";"-";"-";"-";"-";"-";"163111";"136040";"1146";"269";"134625";"45011";"9800";"5930";"8952";"2359";"1786";"3657";"9652";"-";"-";"31807";"-";"-";"8098";"3982";"-";"-";"-";"2293";"1298";"-";"-";"-"
"860022";"860";"49589";"42024";"304";"119";"41601";"11542";"1070";"2214";"1519";"-";"384";"1934";"9871";"-";"-";"9766";"-";"-";"2329";"963";"9";"-";"-";"-";"-";"-";"-";"-";"50101";"43265";"259";"82";"42924";"12017";"2665";"3046";"3915";"-";"377";"1585";"5105";"-";"-";"12521";"-";"-";"1679";"-";"14";"-";"-";"-";"-";"-";"-";"-";"50196";"42601";"160";"128";"42313";"11604";"1596";"6832";"4182";"-";"442";"-";"5602";"-";"-";"11013";"680";"-";"352";"-";"6";"4";"-";"-";"-";"-";"-";"-";"51014";"43659";"302";"148";"43209";"12453";"1864";"5926";"1644";"1001";"-";"-";"4410";"1407";"-";"13551";"-";"231";"722";"-";"-";"-";"-";"-";"-";"-";"-";"-";"50512";"42078";"194";"103";"41781";"11514";"3192";"6624";"1479";"522";"953";"-";"4882";"-";"74";"11768";"-";"-";"753";"-";"2";"10";"8";"-";"-";"-";"-";"-";"48991";"40608";"296";"124";"40188";"13147";"1558";"2518";"1966";"976";"665";"504";"4078";"-";"-";"11609";"-";"-";"1550";"572";"-";"-";"-";"756";"289";"-";"-";"-"